CODIGO INTERNO ;NOME COMERCIAL;APRESENTAÇÃO;MARCA/FABRICANTE;TIPO EMBALAGEM;QUANTIDADE POR EMBALAGEM
172502;ABAIXADOR DE LINGUA C/100;PCT;FARMATEX;PCT;
8940;ABAIXADOR DE LINGUA PCT C/100;PCT;THEOTO;PCT;100
87424;ACEBROFILINA XPE ADT 120ML (CEBRONFILINA;FR;NEO QUIMICA;FR;
138860;ACICLOVIR  CR 10GR  (G);CX;TEUTO;CX;
137480;ACICLOVIR  200MG      (500);CPR;PHARLAB;CPR;
216046;ACICLOVIR 50MG/G CR 10GR (GENERICO);UND;PHARLAB;UND;
206113;ACIDO ACETILSALICILICO 100MG CPR  (AAS);CPR;IMEC;CPR;
208701;ACIDO ACETILSALICILICO 500MG CPR  (AAS);CPR;IMEC;CPR;
153729;ACIDO FOLICO 5MG CPR (HIPOFOL)     (500);CPR;HIPOLABOR;CPR;
199028;ACIDO FOLICO 5MG/COM CPR REV       (500);CPR;NATULAB;CPR;
193895;ACIDO GRAXOS ESSENCIAIS 100ML;FR;NUTRIEX;FR;
214906;ACIDO GRAXOS ESSENCIAIS 200ML;FR;UNIPHAR;FR;
191760;ACIDO TRANEXAMICO 50MG/ML AMP 5ML  (100);AMP;HIPOLABOR;AMP;
137090;ADAPTADOR P/ AGULHAS A VACUO LI;UND;LABOR IMPORT;UND;
194247;ADENOSINA 3MG/ML AMP INJ 2ML        (50);AMP;HIPOLABOR;AMP;
113093;ADESIVO FOTOP. SINGLE BOND;UND;3M;UND;
157406;ADIPOMETRO DE ALUMINIO PRIME NEO S/EST.;UND;PRIME;UND;
212385;AGUA DEIONIZADA 1000ML;LT;CINORD;LT;
198471;AGUA DEIONIZADA 5000ML;LT;CINORD;LT;
127418;AGUA DESTILADA (INJE#ﾃO)  5ML C/200 PLAS;CX;ISOFARMA;CX;
169498;AGUA DESTILADA 100ML (AGUA INJECAO) (80);F/A;FRESENIUS;F/A;
134481;AGUA INJECﾃO DESTIL 500ML S/F;FR;FRESENIUS;FR;
44423;AGUA OXIGENADA 1000ML VOL 10    (12);LT;FARMAX;LT;
186007;AGUA OXIGENADA 1000ML VOL10 (12);LT;VICPHARMA;LT;
205087;AGUA PARA  INJEﾇﾃO  1000ML S/F      (16);FR;FRESENIUS;FR;
95850;AGUA PARA INJECAO (DESTIL) 10ML    (200);AMP;FARMACE;AMP;
21121;AGUA PARA INJECAO 5ML AMP PLAST    (200);AMP;ISOFARMA;AMP;
212342;"AGULHA HIPODER DESCARTAVEL 13X4,5  (100)";UND;LABOR;UND;
217590;"AGULHA HIPODERM DESCARTAVEL 13X3,8 (100)";UND;SR;UND;
123382;"AGULHA HIPODERM DESCARTAVEL 13X4,5 (100)";UND;SR;UND;
202975;"AGULHA HIPODERM DESCARTAVEL 20X5,5 (100)";UND;SOLIDOR;UND;
199567;"AGULHA HIPODERM DESCARTAVEL 20X5,5 (100)";UND;SR;UND;
199575;AGULHA HIPODERM DESCARTAVEL 25X7  (100);UND;SR;UND;
195090;AGULHA HIPODERM DESCARTAVEL 25X8   (100);UND;DESCARPACK;UND;100
212350;AGULHA HIPODERM DESCARTAVEL 25X8   (100);UND;LABOR IMPORT;UND;
199583;AGULHA HIPODERM DESCARTAVEL 25X8   (100);UND;SR;UND;
199591;AGULHA HIPODERM DESCARTAVEL 30X7   (100);UND;SR;UND;
202398;AGULHA HIPODERM DESCARTAVEL 30X8   (100);UND;SR;UND;
205621;AGULHA HIPODERMICA DESCARTAV 25X6  (100);UND;SOLIDOR;UND;
212369;AGULHA HIPODERMICA DESCARTAV 30X7  (100);UND;LABOR IMPORT;UND;
191531;AGULHA HIPODERMICA DESCARTAV 30X7  (100);UND;SOLIDOR;UND;
54852;AGULHA HIPODERMICA DESCARTAVEL 40X12;UND;SR;UND;
199095;"AGULHA HIPODERMICA 20X5,5          (100)";UND;LABOR IMPORT;UND;
134635;AGULHA PARA RAQUE 25G (ESPINHAL)    (25);UND;PROCARE;UND;25
157090;ALBENDAZOL 40MG/ML SUSP. ORAL 10ML;FR;TEUTO;FR;50
178675;ALBENDAZOL 400MG  CPS              (100);CPS;PRATI;CPS;
101940;"ALCOOL ABSOLUTO 1000 ML 99,5% (12)";LT;ITAJA;LT;
217395;ALCOOL ETILICO 70% PELE 100ML-INDALCOOL;FR;INDALABOR;FR;
217417;ALCOOL ETILICO 70% PELE 1000ML-INDALCOOL;FR;INDALABOR;FR;
217409;ALCOOL ETILICO 70% PELE 250ML-INDALCOOL;FR;INDALABOR;FR;
217492;ALCOOL ETILICO 70% PELE 800ML-INDASE REF;FR;INDALABOR;FR;
217093;ALCOOL ETILICO 70% SUPERFICIES 1000ML;FR;INDALABOR;FR;
217085;ALCOOL ETILICO 70% SUPERFICIES 250ML;FR;INDALABOR;FR;
80292;"ALCOOL ETILICO 92,8%   1000ML (12)";FR;ITAJA;FR;12
217344;ALCOOL GEL ANTIS. PELE INDAGEL 1L PUMP;FR;INDALABOR;FR;
217352;ALCOOL GEL ANTIS.PELE INDAGEL 500ML PUMP;FR;INDALABOR;FR;
217441;ALCOOL GEL ANTISSEP. PELE INDA 800ML REF;FR;INDALABOR;FR;
217301;ALCOOL GEL ANTISSEP. PELE INDAGEL 100ML;FR;INDALABOR;FR;
217310;ALCOOL GEL ANTISSEP. PELE INDAGEL 250ML;FR;INDALABOR;FR;
217360;ALCOOL GEL ANTISSEP. PELE INDAGEL 60ML;FR;INDALABOR;FR;
217328;ALCOOL GEL ANTISSEP. PELE INDAGEL 800ML;FR;INDALABOR;FR;
191000;ALCOOL GEL 70% ANTI-SEPTICO 500GR (12);FR;ITAJA;FR;
211052;ALCOOL GEL 70% 5 LT      (ASSEPTCIN GEL);GL;CINORD;GL;
213985;"ALCOOL IODADO 0,1% 1LT              (12)";FR;UNIPHAR;FR;
190055;ALCOOL IODADO 1000ML (12);FR;VICPHARMA;FR;
84000;ALCOOL 70%      1000ML  (12);FR;ITAJA;FR;
217425;ALCOOL 70% GLICERINADO 1000ML - INDASEPT;FR;INDALABOR;FR;
213950;ALENDRONATO SODICO 70MG CPR    (300);CPR;ELOFAR;CPR;
181447;ALGODAO HIDROFILO EM BOLA 100GR;PCT;NATHALYA;PCT;
180688;ALGODAO HIDROFILO 250GR    (40);RL;NATHALYA;RL;
47740;ALGODAO HIDROFILO 500GR   (20);RL;NATHALYA;RL;
208450;ALGODAO HIDROFOBO 500GR 20CM;RL;ORTOFEN;RL;
183954;"ALGODAO ORTOPEDICO 06CMX1,0MT C/12";PCT;ORTOFEN;PCT;
183962;"ALGODAO ORTOPEDICO 08CMX1,0MT C/12";PCT;ORTOFEN;PCT;
2542;"ALGODAO ORTOPEDICO 10CMX1,0MT C/12";PCT;ORTOFEN;PCT;
165360;"ALGODAO ORTOPEDICO 12CMX1,0MT C/12";PCT;ORTOFEN;PCT;
2550;"ALGODAO ORTOPEDICO 15CMX1,0MT C/12";PCT;ORTOFEN;PCT;
2569;"ALGODAO ORTOPEDICO 20CMX1,0MT C/12";PCT;ORTOFEN;PCT;
134163;ALMOTOLIA TRANSPARENTE 250 ML BICO RETO;UND;J.PROLAB;UND;
144541;ALMOTOLIA 125ML AMBAR RETO (12);UND;J.PROLAB;UND;
179183;ALMOTOLIA 500ML AMBAR B.CURVO C/CANULA;UN;J.PROLAB;UN;
160105;ALMOTOLIA 500ML AMBAR (MARRON) RETO;UND;J. PROLAB;UND;
160121;ALMOTOLIA 500ML TRANSPARENTE B.RETO (12);UNI;J. PROLAB;UNI;
155705;"ALPRAZOLAM 0,25 MG CPR  (B1)        (30)";CPR;EMS;CPR;30
204315;AMBROXOL XPE ADT 100ML (BRONQTRAT) (50);FR;NATULAB;FR;
173045;AMBROXOL XPE ADUL 30MG/5ML 120ML;FR;NATULAB;FR;
207241;AMBROXOL XPE INFANTIL 100ML   (50);FR;NATULAB;FR;
189154;AMICACINA 250MG/ML INJ 2ML          (50);AMP;NOVAFARMA;AMP;
178683;AMINOFILINA 100MG CPR    (G)       (500);CPR;HIPOLABOR;CPR;
132322;AMINOFILINA 24MG/ML   10ML (50);AMP;TEUTO;AMP;
186481;AMINOFILINA 24MG/ML AMP 10ML(G)    (100);AMP;FARMACE;AMP;
171972;AMIODARONA 50MG/ML 3ML (G)         (100);AMP;HIPOLABOR;AMP;
151661;AMITRIPTILINA 25MG CPR (G)         (100);CPR;TEUTO;CPR;100
201448;AMITRIPTILINA 25MG CPR REV (C1)    (200);CPR;CRISTALIA;CPR;
194174;AMOX+CLAVUL POTASS 875MG+125MG CPR  (14);CPR;EMS;CPR;
191701;AMOXICILINA 500MG CPS (G)          (840);CPS;PRATI;CPS;840
194387;AMOXICILINA+CLAV. POT 1G/200MG PO   (20);F/A;BLAU;F/A;
172928;"AMPICILINA + SULBACTAM 1G/0,5G INJ (20)";FR;NOVAFARMA;FR;
203033;AMPICILINA 1G INJ S/DIL (CILINON)  (100);AMP;BLAU;AMP;
153907;ANESTESICO LOCAL C/100;CX;SSWHITE;CX;
73300;ANESTESICO TOPICO 12G TUTTI-FRUTI;UND;DFL;UND;
190179;ANLODIPINO 10MG CPR                (30);CPR;VITAMEDIC;CPR;
176397;ANLODIPINO 5MG CPR   (500);CPR;GEOLAB;CPR;
171395;ANUSCOPIO FECHADO DESCARTAVEL N/E;UND;ADLIN;UND;
148741;ANUSCOPIO FENESTRADO N/E;UND;ADLIN;UND;
199079;AP. P/ DETERMINACAO GLICEMIA  (SIMPLES);UND;ACON;UND;
139149;AP. P/ DETERMINACAO GLICEMIA (CONTOUR);KIT;BAYER;KIT;
182290;APARELHO P/ TRICOTOMIA PCT C/2 UND;PCT;BIC;PCT;
214558;ASPIRADOR REDE MASTER VAC 400ML;UND;PROTEC;UND;
216364;ASPIRADOR REDE VACUOMETRO VIDRO 500ML;UND;ROMED;UND;
192724;ASPIRADOR VENTURI P/OXIGENIO FRAS  VIDRO;UN;PROTEC;UN;
155578;"ATADURA CREPE 08CM 13FIOS 1,80 IND (12)";PCT;BIOTEXTIL;PCT;
157325;"ATADURA CREPE 10CM 13FIOS 1,80 IND  (12)";PCT;BIOTEXTIL;PCT;
180980;"ATADURA CREPE 12CM 13FIOS 1,80 IND  (12)";PCT;BIOTEXTIL;PCT;
184985;"ATADURA CREPE 20CM 13FIOS 1,80 IND TP-2";PCT;BIOTEXTIL;PCT;
2534;"ATADURA CREPE 20CM 15FIOS 1,80M C/12";PCT;ORTOFEN;PCT;12
214205;"ATADURA CREPE 25CM 13FIOS 1,80 C/12 IND";PCT;ORTOFEN;PCT;
196258;"ATADURA CREPE 30CM 1,80M 13 FIOS C/12";PCT;NEVE;PCT;
214213;"ATADURA CREPE 30CM 1,80M 15FIOS C/12";PCT;ORTOFEN;PCT;
51985;"ATADURA GESSADA ORTOFEN 20X4,0   (20)";RL;ORTOFEN;RL;
208442;"ATADURA GESSADA 10X3,0  (20)";RL;ORTOFEN;RL;
214507;"ATADURA GESSADA 12X3,0    (20)";RL;ORTOFEN;RL;
51977;"ATADURA GESSADA 15X3,0    (20)";RL;ORTOFEN;RL;
213292;"ATADURA GESSADA 6X2,0  (20)";RL;ORTOFEN;RL;
213306;"ATADURA GESSADA 8X2,0  (20)";RL;ORTOFEN;RL;
214540;"ATADURA RAYON 7,5X5 ESTERIL (CURATIVO";UND;USA MEDICAL;UND;
211320;ATENOLOL 25MG CPR (G) (600);CPR;PRATI;CPR;24
183750;ATENOLOL 50MG  CPS VP (G)          (600);CPS;PRATI;CPS;
186511;ATRACURIO 10MG/ML AMP SOL INJ 5ML  (25);AMP;CRISTALIA;AMP;
169803;AUTOCLAVE VITALE 12LT INOX 220V AZUL;AP;CRISTOFOLI;AP;
216941;AVENTAL BRANCO M/LONGA TIRAS C/10;PCT;SKY;PCT;
187500;AVENTAL MANGA LONGA BRANCO    (10);UND;DESCARPACK;UND;
213667;"AVENTAL PROT RADIACAO 0,25MMPB 100X60CM";UND;CARESTREAM;UND;
158208;AZITROMICINA DI-HIDR 500MG PO;UND;CRISTALIA;UND;
146625;AZITROMICINA DIIDRATADA 600MG SUSP 15ML;FR;NEOQUIMICA;FR;
157724;AZITROMICINA DIIDRATADA 600MG SUSP 15ML;FR;PRATI;FR;
199290;AZITROMICINA 500MG CPR REV  (500);CPR;PHARLAB;CPR;
156531;BALANCA GANCHO MEC.TIPO RELOGIO 25K/100G;UND;CALDURO;UND;
135577;BALANCA 109E 15KG;UND;WELMY;UND;
164100;BECLOMETASONA/FORMOTEROL 100MCG 120D 8ML;FR;CHIESI;FR;
153680;BECLOMETASONA/FORMOTEROL 100MCG 120D10ML;FR;CHIESI;FR;
155721;BERCO P/COLORACAO P/30LAMINAS ACO INOX;UND;DIAGTESTI;UND;
158011;BETAMETASONA DIPR+FOSF 5/2MG/ML 1ML (25);AMP;NEOQUIMICA;AMP;25
124478;BETAMETASONA ELIXIR 120ML (GENERICO);FR;EMS;FR;
207357;BETAMETAZONA 4MG/ML 1ML INJ        (50);AMP;NOVA FARMA;AMP;50
131652;"BICARBONAT DE SODIO 8,4 % 10ML INJ (100)";AMP;FARMACE;AMP;100
190080;BIPERIDENO 2MG CPR (C1)            (200);CPR;CRISTALIA;CPR;
149101;BIPERIDENO 5MG/ML SOL INJ 1ML (C1);AMP;CRISTALIA;AMP;
207322;BISACODIL 5MG DRG                  (150);CPR;UNIAO QUIMICA;CPR;
139726;BOLSA COLETORA DE URINA S.FECHADO 2000ML;UND;CIRUTI;UND;
212806;BOLSA COLOSTOMIA ACTIVE-LIFE 19/64MM;UND;CONVATEC;UND;
213624;BOLSA COLOSTOMIA INF ACTIVE-LIFE 08/50MM;UND;CONVATEC;UND;
164151;BOLSA COLOSTOMIA 30MM N.ESTERIL;UND;MEDSONDA;UND;
129240;BOLSA P/COLOSTOMIA 30MM C/10;PCT;MARK MED;PCT;
192546;"BOTA DE UNNA 10,2CMX9,14M";UND;CASEX;UND;
192520;"BOTA DE UNNA 7,5CMX6,00M";UND;CASEX;UND;
140449;"BOTA DE UNNA 7,5CMX9,14M";UND;CASEX;UND;
189987;BRACADEIRA NYLON FECHO VELCRO INFANTIL;UND;ACCUMED;UND;
165573;BRACADEIRA P/ AP PRESSAO FECHO VELCRO;UND;SOLIDOR;UND;
146560;BROCA CARBIDE  N.703;UND;JET;UND;
137537;"BROMETO DE IPRATROPIO 0,25/ML  20ML (G)";FR;HIPOLABOR;FR;
214035;BROMETO DE VECURONIO 4MG PO 1ML (10);AMP;CRISTALIA;AMP;
194212;BROMOPRIDA 10MG/2ML AMP INJ 2ML    (100);AMP;HIPOLABOR;AMP;40
212679;BROMOPRIDA 4MG/ML GOTAS  20ML;FR;MARIOL;FR;
203394;BROM.ROCURONIO 10MG/ML 5ML(ROCURON) (25);F/A;CRISTALIA;F/A;
206610;"BUPIVACAINA ISOBARICA 0,5% 4ML    (40)";AMP;CRISTALIA;AMP;
172197;"BUPIVACAINA 0,5% S/V AMP 20ML      (10)";AMP;CRISTALIA;AMP;
218090;"BUPIVACAINA 0,5% S/V AMP 20ML      (25)";AMP;HIPOLABOR;AMP;
157716;"BUPIVACAINA 0,5% S/VASO 20ML   (6)";AMP;UNIﾃO QUIMICA;AMP;
186678;"BUPIVACAINA+EPINEF. 0,5% C/V 20ML   (10)";AMP;CRISTALIA;AMP;
172090;"BUTIL ESCOP/DIPIRONA 20/2,5MG/5ML 5ML";AMP;HIPOLABOR;AMP;
189898;BUTIL ESCOPOLAMINA 20MG/ML AMP 1ML (100);AMP;HIPOLABOR;AMP;100
139467;BUTIL ESCOPOLAMINA/DIPIRONA GTS 20ML (G);FR;HIPOLABOR;FR;
180890;BUTILBROM ESCOPOLAMINA GTS 10MG/ML 20ML;FR;HIPOLABOR;FR;
187232;BUTILBROMETO ESCOPOLAMINA 10MG REV  (20);CPR;UNIAO QUIMICA;CPR;
148008;CABO P/LARINGOSCOPIO ADULTO;UNI;OXIGEL;UNI;
216712;CAMPO OPERATORIO 25X28  C/05 ESTERIL;PCT;BIOTEXTIL;PCT;
155624;CAMPO OPERATORIO 45X50 C/50 N. EST S/FIO;PCT;BIOTEXTIL;PCT;
216429;CANELEIRA/TORNOZELEIRA 2KG;UND;PROMEDIX;UND;
216437;CANELEIRA/TORNOZELEIRA 3KG;UND;PROMEDIX;UND;
109169;"CANULA  ENDOTRAQUEAL C/B 8,5";UND;SOLIDOR;UND;10
148601;CANULA BIOPSIA ENDOMETRIAL EST 04;UND;ADLIN;UND;
98817;"CANULA ENDOTRAQUEAL C/B 3,0 (SONDA)";UND;SOLIDOR;UND;10
109134;"CANULA ENDOTRAQUEAL C/B 5,5";UND;SOLIDOR;UND;10
109142;"CANULA ENDOTRAQUEAL C/B 6,5";UND;SOLIDOR;UND;10
109860;"CANULA ENDOTRAQUEAL C/B 9,0";UND;SOLIDOR;UND;10
192651;CAPACETE TIPO II ROMIZETA VERDE;UN;.;UN;
190713;CAPTOPRIL 25MG CPR                 (500);CPR;MEDQUIMICA;CPR;
157198;CAPTOPRIL 25MG CPR (HIPOTEN)       (500);CPR;SANVAL;CPR;
168165;CAPTOPRIL 50MG CPR                 (30);CPR;GLOBO;CPR;
199796;CARB CALCIO/ VIT D 1250MG/400UI CPR (60);CPR;NATULAB;CPR;
204307;CARB CALCIO/VIT D 1500MG/400UI CPR (60);CPR;NATULAB;CPR;
183970;CARBAMAZEPINA SUP 100ML 20MG/ML;FR;SANVAL;FR;
204269;CARBAMAZEPINA 200MG CPR (C1)       (200);CPR;CRISTALIA;CPR;
170453;CARBOCISTEINA XPE ADT 50MG/ML 100ML (50);FR;NATIVITA;FR;
170720;CARBOCISTEINA XPE INF 20MG/ML 100ML (50);FR;NATIVITA;FR;
209686;CARBONATO DE CALCIO 500MG CPR      (500);CPR;IMEC;CPR;
139327;CATETER INTRAVENOSO Nｺ 16;UND;HARSORIA;UND;
195278;CATETER INTRAVENOSO Nｺ 16           (50);UND;SOLIDOR;UND;
139556;CATETER INTRAVENOSO Nｺ 20;UND;HARSORIA;UND;
152749;CATETER INTRAVENOSO Nｺ 20          (100);UND;DESCARPACK;UND;
183482;CATETER INTRAVENOSO Nｺ 20 (100);UND;LABOR IMPORT;UND;
152773;CATETER INTRAVENOSO Nｺ 22          (100);UND;DESCARPACK;UND;
152790;CATETER INTRAVENOSO Nｺ 24          (100);UND;DESCARPACK;UND;100
182192;CATETER INTRAVENOSO N.18G           (50);UND;SOLIDOR;UND;
52191;CATETER INTRAVENOSO N.20G           (50);UND;SOLIDOR;UND;
141062;CATETER INTRAVENOSO N.22G          (50);UND;SOLIDOR;UND;
62677;CATETER INTRAVENOSO N.24            (50);UND;SOLIDOR;UND;
179736;CATETER NASAL INFANTIL;UND;MEDSONDA;UND;
206059;CATETER NASAL N.04                  (10);UND;MEDSONDA;UND;
209880;CATETER NASAL P/OXIGENIO N.06;UND;MEDSONDA;UND;
209899;CATETER NASAL P/OXIGENIO N.08;UND;MEDSONDA;UND;
209902;CATETER NASAL P/OXIGENIO N.10;UND;MEDSONDA;UND;
164828;CATETER NASAL P/OXIGENIO N.12;UND;MEDSONDA;UND;
199621;CATETER NASAL P/OXIGENIO N.14;UND;MEDSONDA;UND;
201243;CATETER NASAL P/OXIGENIO N.16;UND;MEDSONDA;UND;
206040;CATETER P/OXIGENIO TIPO OCULOS   (100);UND;MEDSONDA;UND;
212377;CATETER P/OXIGENIO TIPO OCULOS   (100);UND;SOLIDOR;UND;
214302;"CATGUT CROMADO 0 C/AG 2,5 CM C/24";CX;TECHNOFIO;CX;
180530;CATGUT CROMADO 1 C/AG 3.0 CM C/24;CX;TECHNOFIO;CX;
180513;CATGUT CROMADO 1 C/AG 4.0 CM C/24;CX;TECHNOFIO;CX;
183423;CATGUT CROMADO 2 0 C/AG 3CM C/24;CX;TECHNOFIO;CX;
176923;CATGUT CROMADO 3.0 C/AGULHA 4 CM C/24;CX;SHALON;CX;
15750;CATGUT CROMADO 4.0 C/AGULHA 2 CM C/24;CX;SHALON;CX;
180483;"CATGUT SIM. 2 0 C/AG 2,5CM C/24";CX;TECHNOFIO;CX;
169773;CATGUT SIMPLES 0  C/AG 4CM C/24;CX;SHALON;CX;
51500;CATGUT SIMPLES 0  C/AG 5CM C/24;CX;SHALON;CX;
144258;"CATGUT SIMPLES 0 C/AG 2,5CM C/24";CX;TECHNOFIO;CX;
143839;CATGUT SIMPLES 1   C/AGULHA 3CM C/24;CX;TECHNOFIO;CX;
215635;CATGUT SIMPLES 1  C/AGULHA 4CM C/24;CX;TECHNOFIO;CX;
215627;CATGUT SIMPLES 2 0 C/AGULHA 2CM C/24;CX;TECHNOFIO;CX;
191183;CATGUT SIMPLES 2 0 C/AGULHA 3CM C/24;CX;TECHNOFIO;CX;
152781;CATGUT SIMPLES 3 0 C/AG 2CM C/24;CX;TECHNOFIO;CX;
152536;CATGUT SIMPLES 3 0 C/AG 3CM C/24;CX;TECHNOFIO;CX;
152480;CATGUT SIMPLES 4 0 C/AG 2CM C/24;CX;TECHNOFIO;CX;
134414;CATGUT SIMPLES 4.0 C/AG 4 CM C/24;CX;SHALON;CX;
216097;"CATGUTE CROMADO 3,0 C/AG 2,0 CM C/24";CX;TECHNOFIO;CX;
198013;"CATGUTE CROMADO 3,0 C/AG 3,0 CM C/24";CX;TECHNOFIO;CX;
35700;CEFALEXINA 250MG/5ML PO SUSP 60ML;FR;TEUTO;FR;
164143;CEFALEXINA 500MG CPR              (500);CPR;TEUTO;CPR;
198064;CEFTRIAXONA 1G PO SOL INJ S/DIL  (50);AMP;NOVAFARMA;AMP;
28509;CEFTRIAXONA 1GR IV C/DIL (TRIOXINA) C/50;CX;.;CX;
218146;CETOCONAZOL CPR 200MG (G)  (30);CPR;PHARLAB;CPR;
146021;CETOCONAZOL SHAMPOO 20MG/G 100ML (G);FR;NATIVITA;FR;
139459;CETOCONAZOL 20MG/G CR 30G;BIS;SOBRAL;BIS;100
201499;CETOPROFENO 100MG IV PO LIOF INJ FR (50);F/A;CRISTALIA;F/A;
218103;CETOPROFENO 50MG/ML IM INJ 2ML    (100);AMP;HIPOLABOR;AMP;
145998;CINARIZINA 75MG CPR   (G)           (30);CPR;BRAINFARMA;CPR;
152412;CIPROFLOXACINO 2MG/ML BOLSA PL 100ML(60);AMP;ISOFARMA;AMP;
175528;CIPROFLOXACINO 2MG/ML BOLSA PL 200ML(32);F/A;ISOFARMA;F/A;
190691;CIRCUITO ANEST. BARAKA BAL 1L TRAQ MASC;UND;PROTEC;UND;
190705;CIRCUITO ANEST. BARAKA BAL 2L TRAQ MASC;UND;PROTEC;UND;
193364;CIRCUITO ANEST. BARAKA BAL 3L TRAQ MASC;UND;PROTEC;UND;
216330;CIRCUITO PACIEN VENT SIL INF NEO INT 3-5;UND;ROMED;UND;
197009;CISATRACURIO 2MG/ML INJ AMP 5ML      (5);AMP;CRISTALIA;AMP;
172804;CITRATO DE FENTANILA 50UG/ML 2ML(C1)(50);AMP;HIPOLABOR;AMP;50
172782;CITRATO DE FENTANILA 50UG/ML 5ML A1 (25);AMP;HIPOLABOR;AMP;
164801;CLAMP UMBILICAL                     (10);UND;MEDSONDA;UND;10
148733;CLAMP UMBILICAL ESTERIL GC;UND;ADLIN;UND;10
216526;CLINDAMICINA 150MG/ML AMP INJ 4ML  (100);AMP;UNIﾃO QUIMICA;AMP;20
187399;CLINDAMICINA 150MG/ML 4ML AMP       (50);AMP;HYPOFARMA;AMP;
180130;CLOMIPRAMINA 25MG CPR (C1)         (20);CPR;GERMED;CPR;
200832;CLONAZEPAM 2MG CPR (B1)            (200);CPR;CRISTALIA;CPR;
212261;CLONAZEPAM 2MG CPR (B1)            (480);CPR;GEOLAB;CPR;
142263;"CLONAZEPAM 2,5MG/ML GTS 20ML (G)   (200)";FR;HIPOLABOR;FR;1
216682;"CLONAZEPAM 2,5MG/ML GTS 20ML (G)  (B1)";FR;GEOLAB;FR;
192635;CLOR. DE CEFEPIMA 1G PO SOL INJ     (10);F/A;NOVAFARMA;F/A;
174548;CLOR DE FLUOXETINA 20MG CPS (C1)    (30);CPS;VITAMEDIC;CPS;
58815;"CLOR DE NALOXONA 0,4MG/ML 1ML (C1)  (10)";AMP;CRISTALIA;AMP;
171832;"CLOR DE NALOXONA 0,4MG/ML 1ML (C1)  (10)";AMP;HIPOLABOR;AMP;
171840;CLOR DE TRAMADOL  50MG/ML 1ML (A2) (100);AMP;HIPOLABOR;AMP;100
160563;CLOR DE TRAMADOL INJ 50MG/ML 2ML   (100);AMP;HALEXISTAR;AMP;100
190209;CLOR DE TRAMADOL 50MG CPS  (G)     (500);CPR;HIPOLABOR;CPR;
210846;CLOR DE TRAMADOL 50MG CPS (A2)     (100);CPS;CRISTALIA;CPS;
191094;CLOR MIDAZOLAM 1MG/ML 5ML INJ (B1) (100);AMP;HIPOLABOR;AMP;
188468;CLOR MIDAZOLAM 5MG/ML INJ 10ML B1 (100);AMP;HIPOLABOR;AMP;
149276;CLOR PETIDINA 50MG/ML INJ 2ML (A1)  (25);AMP;CRISTALIA;AMP;
206679;CLOR.AMBROXOL 15MG/5ML (G) PED;FR;FARMACE;FR;
217743;CLOR.AMBROXOL 30MG/5ML (G) ADL 100ML;FR;FARMACE;FR;
173398;"CLOR.BUPIVACAINA 0,5% INJ 20 ML     (25)";AMP;HIPOLABOR;AMP;
205540;"CLOR.DOBUTAMINA 12,5MG/ML 20ML (G)  (10)";AMP;HYPOFARMA;AMP;
172200;CLORETO DE POTASSIO A 10% 10ML     (200);AMP;ISOFARMA;AMP;
190608;"CLORETO DE POTASSIO 19,1% 10ML   (200)";AMP;ISOFARMA;AMP;
168700;CLORETO DE SODIO + BENZALCONIO 30ML NAS;FR;NATULAB;FR;
188042;"CLORETO DE SODIO 0,9% 10ML AMP     (200)";AMP;ISOFARMA;AMP;
208485;CLORETO DE SODIO 20% 10ML AMP PLAS (200);AMP;ISOFARMA;AMP;
172219;CLORETO SODIO 10% 10ML AMP PLAST   (200);AMP;ISOFARMA;AMP;
140899;CLOREXIDINA  1% 1000ML AQUOSA  (12);FR;VICPHARMA;FR;
198072;CLOREXIDINA  2% 1000ML DEGERMANTE;FR;VICPHARMA;FR;
217379;"CLOREXIDINA AQUOSA 0,2% (INDAHEX) 100ML";FR;INDALABOR;FR;
217387;"CLOREXIDINA AQUOSA 0,2% (INDAHEX) 1000ML";FR;INDALABOR;FR;
211044;"CLOREXIDINA 0,5% ALCOOLICA 1000 ML";LT;CINORD;LT;
141267;CLOREXIDINA 4% TENSOATIVA 1000ML;LT;VICPHARMA;LT;
216119;CLORIDRATO DONEPEZILA 5MG CPR      (30);CPR;SANDOZ;CPR;
186295;CLORIDRATO HIDRALAZINA 20MG/ML 1ML  (50);AMP;CRISTALIA;AMP;
149306;CLORPROMAZINA 100MG CPR REV (C1)   (100);CPR;UNIAO QUIMICA;CPR;100
214574;CLORPROMAZINA 100MG CPR (200) (LONGACT);CPR;CRISTALIA;CPR;
185647;CLORPROMAZINA 25MG/5ML INJ 5ML (50) (C1);AMP;UNIAO QUIMICA;AMP;50
149942;CLORPROMAZINA 4% 40MG/ML SOL ORAL 20ML;FR;CRISTALIA;FR;
214582;CLORPROMAZINA 5MG/ML INJ 5ML (10) (C1);AMP;CRISTALIA;AMP;50
153273;"COBERTURA PARA OBITO 60X1,52 TAM. M";UND;PLAST JUREMA;UND;
156035;"COBERTURA PARA OBITO 90X2,10 TAM. G";UND;PLAST JUREMA;UND;
211834;COL PERFURO CORTANTE 07L PARDA   (20);UND;POLAR FIX;UND;
178926;COL. PERFUROCORTANTE 07 LITROS (20);UND;DESCARPACK;UND;
49522;COLAGENASE C/CLORANFENICOL POM DERM 30GR;TB;CRISTALIA;TB;10
211915;COLAR CERVICAL RESGATE INF TIPO STIFNECK;UND;MARIMAR;UND;
39993;COLAR CERVICAL RESGATE PP TIPO STIFENECK;UND;MARIMAR;UND;
135275;COLCHAO DｴAGUA  ARTICULADO 190X90;UN;PHOENIX;UN;
216020;COLCHAO HOSP.TIPO CASCA DE OVO 6CM;PR;PPROMEDIX;PR;
174750;COLETOR DE URINA S. FECHADO 2000ML (100);UND;SOLIDOR;UND;
153389;COLETOR PERFUROCORTANTE 07 LITROS;UND;DESCARBOX;UND;
153435;COLETOR PERFUROCORTANTE 13 LITROS;UND;DESCARBOX;UND;
167746;COLETOR PERFUROCORTANTE 13 LITROS;UND;DESCARPACK;UND;
173460;"COLETOR PERFUROCORTANTE 1,5 LITROS";UND;DESCARBOX;UND;
178934;COLETOR PERFUROCORTANTE 20 LITROS (20);UND;DESCARPACK;UND;
153362;COLETOR PERFUROCORTANTE 3 LITROS;UND;DESCARBOX;UND;
135941;COLETOR SHARP BOX 7 LITROS;UND;SHARP BOX;UND;
197351;COLETOR URINA INF FEMININO  (10);UND;MEDSONDA;UND;
201715;COLETOR URINA INF MASCULINO 100ML (10);UND;MEDSONDA;UND;
212270;COLETOR URINA SIST. ABERTO 1200ML  (25);UND;MEDSONDA;UND;
132209;COLETOR URINA SIST. ABERTO 2000ML  (100);UND;MEDSONDA;UND;
153532;COMPLEX B INJ 2ML (POLIVITAMINICO) (100);AMP;HYPOFARMA;AMP;
201430;COMPLEXO B DRG (POLIVITAMINICO)    (200);DRG;CRISTALIA;DRG;
176532;CONJUNTO PUMP REFIL SPRAY;KIT;INDALABOR;KIT;
156957;CRONOMETRO DIGITAL - TIMER;UNI;SUPERMEDY;UNI;
217174;DESINFETANTE QUATERN DE AM. 5ｪ GER 750ML;FR;INDALABOR;FR;0
172014;"DESLANOSIDEO 0,2MG/ML INJ 2ML       (50)";AMP;UNIAO QUIMICA;AMP;
177075;"DESOGESTREL 0,075MG (28)";CPR;NOVARTIS;CPR;
155713;DESOGESTREL 75MG (28);CPR;.;CPR;
154970;DETECTOR FETAL MD PORTATIL DIGITAL ABS;UNI;MICROEM;UNI;
179922;DETECTOR FETAL PORTATIL MOD.DF-4001;UN;MEDPEJ;UN;
211028;DETERGENTE ENZIMATICO 1 LT (NEXZYME III);LT;CINORD;LT;
217212;DETERGENTE ENZIMATICO 7 ENZIMAS 1000ML;FR;INDALABOR;FR;
217220;DETERGENTE ENZIMATICO 7 ENZIMAS 5000ML;FR;INDALABOR;FR;
217131;DETERGENTE LIQUIDO CONCENTRADO 1000ML;FR;INDALABOR;FR;
217140;DETERGENTE LIQUIDO CONCENTRADO 5000ML;FR;INDALABOR;FR;
217115;DETERGENTE NEUTRO-INDACLEAR S 1000ML(12);FR;INDALABOR;FR;
217123;DETERGENTE NEUTRO-INDACLEAR S 5000ML;FR;INDALABOR;FR;
212032;DEXAMETASONA CREME 1MG/G 10GR S/CX;UND;PRATI;UND;
132420;DEXAMETASONA 2MG/ML AMP 1ML         (50);AMP;FARMACE;AMP;
172022;"DEXAMETASONA 4MG/ML AMP INJ 2,5ML  (100)";AMP;HIPOLABOR;AMP;100
146331;DEXCLORFENIRAMINA XPE 2MG/5ML 100ML;FR;HIPOLABOR;FR;
212067;"DEXCLORFENIRAMINA 0,4MG/ML 100ML (G)(60)";FR;FARMACE;FR;
195006;DEXTROCETAMINA 50MG/ML INJ 10ML (C1)(25);AMP;CRISTALIA;AMP;25
180262;DEXTROCETAMINA 50MG/ML INJ 2ML (C1) (25);AMP;CRISTALIA;AMP;
203874;DIAZEPAM 10MG (B1) AMP 2ML (G)    (100);AMP;SANTISA;AMP;
146900;DIAZEPAM 10MG/ML  2ML (G) (B1)    (72);AMP;TEUTO;AMP;
185388;DIAZEPAN 10MG CPR  B1     (1000);CPR;SANTISA;CPR;
194875;DIAZEPAN 5MG CPR  B1     (1000);CPR;SANTISA;CPR;1000
208868;DICLOFENACO SODICO GEN 25MG/ML 3ML (50);AMP;NOVAFARMA;AMP;
185191;DIMENIDRINATO/PIRIDOXINA 50MG/ML 1ML(50);AMP;UNIAO QUIMICA;AMP;
147206;DIMETICONA 75MG/ML GTS 10ML (SIMETICONA);FR;HIPOLABOR;FR;1
173681;DIMETICONA 75MG/ML GTS 15ML (SIMETICONA);FR;IMEC;FR;1
168602;DIOSMINA+HESPERIDINA 450/50MG CPR   (60);CPR;NEO QUIMICA;CPR;
153443;DIPIRONA CPR 500MG   (G);CPR;PRATI;CPR;
137570;DIPIRONA CPR 500MG   (G)  (200);CPR;VITAMEDIC;CPR;
175927;DIPIRONA CPR 500MG   (G)  (500);CPR;GREENPHARMA;CPR;
20770;DIPIRONA GOTAS 500MG/ML FR  (G)    10ML;FR;FARMACE;FR;
212075;DIPIRONA GOTAS 500MG/ML FR 20ML (G);FR;FARMACE;FR;
176354;DIPIRONA SODICA 500MG/ML INJ 2ML  (100);AMP;SANTISA;AMP;100
196363;DIPR DE BECLOMETASONA  250MCG 200 DOSES;FR;CHIESI;FR;
167762;DISP. INCONTINENCIA URINARIA N. 04  (02);UND;MADEITEX;UND;
174351;DISP. INCONTINENCIA URINARIA N. 04 S/EXT;UND;MEDSONDA;UND;
193372;DISP. INCONTINENCIA URINARIA N. 07  (02);UND;MADEITEX;UND;
217506;DISPENSADOR BAG IN BOX 800ML/NAT/S;UND;INDALABOR;UND;
146951;DOMPERIDONA SUSP 1MG/ML 100ML;FR;MANTECORP;FR;
214116;DRENO PENROSE N.1 ESTERIL;UND;MEDSONDA;UND;
157996;DRENO PENROSE N.2  ESTER S/GAZE;UND;MADEITEX;UND;
149179;ELETRODO;UND;OPEN MEDICAL;UND;
213900;ENALAPRIL 10MG CPR                 (500);CPR;PHARLAB;CPR;
187747;ENALAPRIL 20MG CPR  (MALEATO)  (500);CPR;CIMED;CPR;500
190837;ENALAPRIL 5MG CPR                 (500);CPR;CIMED;CPR;
191973;ENANTATO DE FLUFENAZINA 25MG/ML1ML  (50);AMP;CRISTALIA;AMP;50
195367;ENEMA 130ML (FOSFATO DE SODIO MON+DIB);FR;NATULAB;FR;FR
206253;"ENOXAPARINA SOD 40MG/0,4ML INJ.SUBC (10)";UND;MYLAN;UND;
214280;"ENOXAPARINA SOD 60MG/0,6ML INJ.SUBC (02)";UND;MYLAN;UND;
215511;"ENOXAPARINA 80MG/0,8ML  SER X 0,8ML (2)";AMP;MYLAN;AMP;
172170;EPINEFRINA INJ 1MG/ML 1ML          (100);AMP;HIPOLABOR;AMP;
134660;EQUIPO BURETA DESCARTAVEL          (100);UND;SOLIDOR;UND;
132489;EQUIPO MACRO CONNECTOR Y PVC;UND;LAMEDID;UND;
120294;EQUIPO MACRO DE PVC C/FITA;UN;MEDSONDA;UN;
165581;EQUIPO MACRO FOTOSSENSIVEL;UND;LAMEDID;UND;
154393;EQUIPO MACRO GTS C/FILT C/INJET LAT SLIP;UND;DESCARPACK;UND;25
175404;EQUIPO MACRO GTS C/FILT C/INJET LAT SLIP;UND;MEDSONDA;UND;25
120316;EQUIPO MICRO GTS INJ.LATERAL (SLIP);UND;MEDSONDA;UND;
137529;EQUIPO NUTRI ENTERAL FLEXIVEL 120CM;UND;MEDSONDA;UND;50
204226;EQUIPO P/TRANSFUSAO SANGUE  CAMARA DUPLA;UND;SOLIDOR;UND;
214108;EQUIPO TRANSFERIDOR SOLUCOES;UND;MEDSONDA;UND;
196436;ESCOVA C/CLOREXIDINAP/LAVAR MAOS 2% (48);UND;VICPHARMA;UND;
137049;ESCOVA CERVICAL C/100;PCT;LABOR IMPORT;PCT;
209821;ESCOVA CERVICAL DESC. N/ESTERIL    (100);UND;ADLIN;UND;
7072;ESCOVA P/LAVAR MAOS PVPI DESC SCRUB (48);UND;CRISTALIA;UND;
207993;"ESPARADRAPO IMPERMEAV 10CMX4,5M C/CAPA";UND;CIEX;UND;
214361;"ESPARADRAPO IMPERMEAV 5,0CMX4,5M C/CAPA";UND;CIEX;UND;
33073;"ESPARADRAPO IMPERMEAVEL  5,0CMX4,5M";UND;MISSNER;UND;
140430;ESPATULA DE  AYRES  C/100;PCT;ADLIN;PCT;0
124842;ESPECULO VAGINAL GRANDE   N/LUB N/ ESTER;UND;ADLIN;UND;
147800;ESPECULO VAGINAL N/E N/L PP;UND;ADLIN;UND;
11142;ESPECULO VAGINAL PEQ    N/LUB N/ESTER;UND;ADLIN;UND;
201227;ESPIRONOLACTONA 100MG CPR (G)      (500);CPR;HIPOLABOR;CPR;
187607;ESPIRONOLACTONA 50MG CPS G         (500);CPS;HIPOLABOR;CPS;
215791;ESTESIOMETRO KIT MONOFILAMENTO;KIT;PROMEDIX;KIT;
84468;ESTETOSCOPIO DUPLO-PRETO;UND;SOLIDOR;UND;
66974;ESTETOSCOPIO SIMPLES;UND;SOLIDOR;UND;
173541;ETER ETILICO 35% 1000ML (12);FR;VICPHARMA;FR;
172030;ETILEFRINA 10MG/ML 1ML (ETILEFRIL)   (6);AMP;UNIAO QUIMICA;AMP;
188662;ETOMIDATO 2MG/ML INJ 10ML (C1)      (25);AMP;CRISTALIA;AMP;40
177342;FAIXA DE SMARCH 20CM X 2M;RL;PROMEDIX;RL;
213373;FENIRAMINA/NAFAZOLINA COL 15ML;FR;GENOM;FR;
149900;FENITOINA SODICA 50MG/ML INJ 5ML(100);AMP;HIPOLABOR;AMP;100
210854;FENITOINA 100MG  CPR (C1)          (200);CPR;CRISTALIA;CPR;
215520;FENITOINA 100MG  CPR (C1)          (500);CPR;HIPOLABOR;CPR;
200590;FENOBARBITAL SOD. 40MG/ML 4% 20ML (B1);FR;CRISTALIA;FR;50
81078;FENOBARBITAL SOL 40MG/ML 20ML  (B1);FR;UNIAO QUIMICA;FR;1
151424;FENOBARBITAL 100MG CPR (B1)        (200);CPR;CRISTALIA;CPR;
171891;FENOBARBITAL 100MG/ML 2ML (B1) (25);AMP;CRISTALIA;AMP;50
43001;FENOBARBITAL 4MG/ML SOL ORAL (B1)   20ML;FR;CRISTALIA;FR;
1210;"FENTANILA 0,05MG/ML AMP 10ML (A1)   (25)";AMP;CRISTALIA;AMP;
214949;FERRIPOLIMALTOSE 100MG CPR       (30);CPR;TAKEDA;CPR;
215953;FIO ALGODAO PRETO 3.0 15X45CM C/24;CX;TECHNOFIO;CX;
169927;FIO DE ALGODAO POL 0 S/AG 15X45CM C/24;CX;SHALON;CX;
214442;FIO DE ALGODAO POL 3.0 C/AG 3CM C/24;CX;SHALON;CX;
82180;FIO DE ALGODAO/POLIE 2.0 15X45 S/AG C/24;CX;SHALON;CX;
215880;"FIO POLIPROPILENO N 0 C/AG 3,5CM C/24";CX;TECHNOFIO;CX;
215872;"FIO POLIPROPILENO N 2-0 C/AG. 3,5 C/24";CX;TCHONOFIO;CX;
215864;"FIO POLIPROPILENO N 3-0 C/AG. 3,0 C/24";CX;TECHNOFIO;CX;
215899;"FIO POLIPROPILENO N 4.0 C/AG. 2,5 C/24";CX;TECHNOFIO;CX;
215970;"FIO POLIPROPILENO N 6-0 C/AG. 1,3 C/24";CX;SHALON;CX;
179418;"FITA  MICROPOROSA 10CMX4,5M";UND;MISSNER;UND;
127477;FITA ADESIVA  CREPE 19X50M;UND;MISSNER;UND;
136859;FITA AUTO CLAVE 19X30;UND;CIEX;UND;
65269;FITA AUTOCLAVE 19CMX30M             (48);UND;MISSNER;UND;
61123;"FITA CIRURGICA MICROPORE 5,0 CMX10 MT";UN;MISSNER;UN;
33049;"FITA CIRURGICA MICROPORE 5,0 CMX4,5 MT";UND;MISSNER;UND;
136840;FITA CREPE HOSPITALAR 19 X 50  (54);UND;CIEX;UND;1
183261;FITA METRICA;UN;CORRENTE;UN;
134996;"FITA MICROPORE HIPOALEGICA 2,5CMx10MT";UND;MISSNER;UND;
5991;"FITA MICROPORE HIPOALEGICA 2,5MMX10 M";UND;CIEX;UND;
29912;FITA MICROPORE HIPOALEGICA 5X10M C/CAPA;UND;CIEX;UND;
83453;"FITA MICROPORE HIPOALEGICA 5X4,5M C/CAPA";UND;CIEX;UND;
171530;"FITA MICROPORE HIPOALERGICA 10X4,5";UND;CIEX;UND;
214388;FITA MICROPORE HIPOALERGICA 100X10M;UND;CIEX;UND;
106445;FITA MICROPOROSA 10CMX10M;UND;MISSNER;UND;
176036;FIXADOR DE TUBO ENDOTRAQUEAL ADULTO;UND;FRADEL;UND;
140759;FLUCONAZOL 2MG/ML 100ML BOLSA PLAST;FR;ISOFARMA;FR;
155187;"FLUMAZENIL 0,1MG/ML INJ 5ML (C1)   (5)";AMP;HIPOLABOR;AMP;5
141453;FORCEPS INFANTIL N. 27;UND;GOLGRAN;UND;
175463;FORMOL 40% 1 LITRO;LT;CROMOLINE;LT;
203289;FOSF. SODICO PREDNISOLONA 3MG/ML120ML;FR;HIPOLABOR;FR;
99350;FRALDA DESC. INFANTIL GRANDE;UND;.;UND;
187968;FRALDA DESC. INFANTIL XG;UND;.;UND;
208310;FRALDA DESCARTAVEL GERIATRICA P PCT C/10;PCT;DESCARPACK;PCT;
205877;FRALDA INFANTIL DESC. G PCT;PCT;DESCARPACK;PCT;1
205869;FRALDA INFANTIL DESC. M  C/9;PCT;DESCARPACK;PCT;
205885;FRALDA INFANTIL DESCARTAVEL XG  PCT;PCT;DESCARPACK;PCT;
214566;"FRASCO C/BOIA COMPLETO AUT 134ｰ  5,0L";UND;PROTEC;UND;
189081;FRASCO DE DRENAGEM MEDICONE SD 1000;UND;MEDICONE;UND;
215783;FRASCO P/ NUTRICAO ENTERAL 300ML;UND;MEDSONDA;UND;
152013;"FUROATO DE FLUTICASONA 27,5MCG 120DS";FR;GSK;FR;
193070;FUROSEMIDA 20MG AMP INJ 2ML   (100);AMP;SANTISA;AMP;
132357;FUROSEMIDA 20MG/2ML AMP INJ 2ML     (50);AMP;FARMACE;AMP;
172650;FUROSEMIDA 20MG/2ML INJ 2ML (GENERICO);AMP;TEUTO;AMP;
217867;GABAPENTINA 300MG CPS    (C1)   (300);CPR;LEGRAND;CPR;
164895;GAZE BIO-HEMO 13FIOS ESTERIL C/10;ENV;BIOTEXTIL;ENV;
216690;GAZE ROLO HEMOGAZE 91X91 13FIOS ESTERIL;PCT;BIOTEXTIL;PCT;
211648;GAZE ROLO JASMIM 09 FIOS TIPO QUEIJO;RL;M.B TEXTIL;RL;35
209490;GAZE TIPO QUEIJO 13FIOS 91X91 GIRASSOL;RL;MB TEXTIL;RL;15
163902;"GAZE 7,5X7,5 - 5 DOBRAS 13FIOS C/10";PCT;ECOMAX;PCT;
170178;"GAZE 7,5X7,5 BIO-GLES 13FIOS C/500 G200";PCT;BIOTEXTIL;PCT;
187291;"GAZE 7,5X7,5 BIO-GLES 13FIOS C/500 G390";PCT;BIOTEXTIL;PCT;
158020;"GAZE 7,5X75 BIO-GLESS 09 FIOS C/500 G190";PCT;BIOTEXTIL;PCT;
164380;"GAZE 7,5X7,5 13FIOS N/ESTERIL C/500";PCT;ECOMAX;PCT;
176699;GEL P/ULTRASSONOGRAFIA 2KG + ECG;FR;CARBOGEL;FR;
186660;GENTAMICINA  20MG/ML INJ AMP 1ML    (50);AMP;NOVAFARMA;AMP;
132292;GENTAMICINA  40MG/ML AMP INJ 1ML    (50);AMP;NOVAFARMA;AMP;
132306;GENTAMICINA 80MG 40MG/ML 2ML      (50);AMP;NOVAFARMA;AMP;
152200;GLICOSAMINA/CONDROITINA 500/400MG (30);CPR;MOMENTA;CPR;
172065;GLICOSE 25% 10ML                   (200);AMP;ISOFARMA;AMP;
189766;GLUTARALDEIDO 5000ML 2% 28DIAS (GLUTACIN;GL;CINORD;GL;
216976;GORRO DE TIRAS BRANCO C/100;PCT;SKY;PCT;
150347;"HALOPERIDOL DECANOAT 70,52MG/ML 1ML (25)";AMP;CRISTALIA;AMP;
186341;HALOPERIDOL 1MG CPR  (C1)          (200);CPR;CRISTALIA;CPR;
153125;HALOPERIDOL 2MG/ML SOLUCAO ORAL 20ML;FR;CRISTALIA;FR;10
201456;HALOPERIDOL 5MG CPR  (C1)          (200);CPR;CRISTALIA;CPR;
149390;HALOPERIDOL 5MG/ML INJ 1ML          (50);AMP;UNIAO QUIMICA;AMP;50
192414;HEMT NOREPINEFRINA 2MG/ML 4ML (G)   (50);AMP;NOVA FARMA;AMP;
168670;HENETIX 350MG/ML 50ML IOBITRIDOL (25);AMP;GUERBET;AMP;
172774;"HEPARINA 5000UI/0,25ML INJ 0,25ML   (25)";AMP;CRISTALIA;AMP;25
173975;HIDROCLOROTIAZIDA 25MG CPR         (500);CPR;CIMED;CPR;
180033;HIDROCORTISONA ACETATO CREME 20GR;UND;UNIAO QUIMICA;UND;
172081;HIDROCORTISONA 100MG PO LIOF INJ    (50);AMP;NOVAFARMA;AMP;
189847;HIDROCORTISONA 500MG PO INJ S/DIL   (50);F/A;UNIAO QUIMICA;F/A;50
189812;HIDROCORTISONA 500MG PO LIOF INJ    (50);F/A;NOVAFARMA;F/A;
208710;HIDROXIDO ALUMINIO 6%+MAGNESIO 4% 100ML;FR;IMEC;FR;
208728;HIDROXIDO DE ALUMINIO 60MG/ML 100ML;FR;IMEC;FR;
217166;HIPOCLORITO DE SODIO 1% 5000ML-INDACLOR;GL;INDALABOR;GL;0
148490;HISTEROMETRO DILATADOR EST GC;UND;ADLIN;UND;
144444;IBUPROFENO 50MG/ML GTS 30ML;FR;NATULAB;FR;
156671;IBUPROFENO 600MG CPS       (20);CPS;VITAMEDIC;CPS;
174394;IBUPROFENO 600MG CPS       (500);CPS;VITAMEDIC;CPS;
152196;IMIPENEM/CILASTATINA 500+500MG PO INJ;AMP;NOVA FARMA;AMP;
175498;IMUNOGLOBULINA ANTI-RHO(D)150 MCG/ML 2ML;AMP;CSL BEHRING;AMP;
215643;IMUNOGLOBULINA HUM.ANTI-RH(D) 300MCG/2ML;FR;CSL BEHRING;FR;
186201;IVERMECTINA 6MG CPR                (500);CPR;VITAPAN;CPR;
197920;KIT APARELHO MEDID. DE GLICOSE EM SANGUE;UND;TESTLINE;UND;
216194;"KIT BUTTON P/GASTROSTOMIA 18FR  1,5CM";KIT;MEDICONE;KIT;
216208;"KIT BUTTON P/GASTROSTOMIA 24FR  3,0CM";KIT;MEDICONE;KIT;
66982;LAMINA BISTURI N.11 C/100 ACO CARBONO;CX;SOLIDOR;CX;
134066;LAMINA BISTURI N.15 C/100 ACO INOX;CX;SOLIDOR;CX;
76430;LAMINA BISTURI N.20 C/100 ACO CARBONO;CX;SOLIDOR;CX;
67016;LAMINA BISTURI N.21 C/100 ACO CARBONO;CX;SOLIDOR;CX;
150584;LAMINA BISTURI N.22 ACO CARBONO (100);UND;CIRUTI;UND;
165301;LAMINA BISTURI N.24 ACO CARBONO (100);UND;CIRUTE;UND;
63070;LAMINA CURVA N. 0 LATAO CROMO;UN;OXIGEL;UN;
63088;LAMINA CURVA N. 1 LATAO CROMO;UN;OXIGEL;UN;
76260;LAMINA CURVA N. 2 LATAO CROMO;UN;OXIGEL;UN;
63134;LAMINA CURVA N. 3 LATAO CROMO;UN;OXIGEL;UN;
194590;LAMINA P/MICROSCOPIA LISA N.LAPIDAD C/50;CX;SOLIDOR;CX;
44148;LAMINA RETA Nｺ 0 LATAO CROMO;UN;OXIGEL;UN;
147907;LAMINA RETA Nｺ 01 LATAO CROMO;UNI;OXIGEL;UNI;
147915;LAMINA RETA Nｺ 02 LATAO CROMO;UNI;OXIGEL;UNI;
147923;LAMINA RETA Nｺ 03 LATAO CROMO;UNI;OXIGEL;UNI;
147931;LAMINA RETA Nｺ 04 LATAO CROMO;UNI;OXIGEL;UNI;
209325;LANCETA SOFT 28G AZUL (STERILANCE) (100);UND;MEDLEVENSOHN;UND;
197947;LANCETADOR III (TESTLINE);UND;TESTLINE;UND;
216950;LENCOL DESC 200X90 BCO C/ELASTICO   (10);UND;SKY;UND;
200794;"LEVOBUPIVACAINA 0,5% S/V AMP 20ML (10)";AMP;CRISTALIA;AMP;
207675;LEVODOPA/BENSERAZIDA 100/25MG CPR   (60);CPR;ROCHE;CPR;
217956;LEVODOPA/BENSERAZIDA 200/50MG CPR   (30);CPR;ACHE;CPR;
191990;LEVODOPA+CARBIDOPA 250/25MG CPR   (200);CPR;CRISTALIA;CPR;
184489;LEVOMEPROMAZINA 4% 40MG/ML FR 20ML  (C1);FR;CRISTALIA;FR;
190098;LIDOCAINA ISOBARICO 2% 5ML  (40);AMP;CRISTALIA;AMP;CX
155241;LIDOCAINA SPRAY VD 50ML (G);FR;HIPOLABOR;FR;
49131;LIDOCAINA 2% GEL 30GR (G) (100);TB;HIPOLABOR;TB;1
172812;LIDOCAINA 2% S/VASO AMP 5ML  (G)   (100);AMP;HIPOLABOR;AMP;CX
133450;LIDOCAINA 2% S/VASO 20ML  (10);AMP;CRISTALIA;AMP;
126608;LORATADINA XPE 1MG/ML 100ML (G);FR;PRATI;FR;
104400;LORATADINA 1MG/ML XPE 100ML(LORATAMED);FR;CIMED;FR;30
135011;LORATADINA 1MG/ML 100ML (48);FR;MARIOL;FR;
174130;LORATADINA 10MG CPR      (360);CPR;CIMED;CPR;
138991;LOSARTANA POTﾁSSICA 50MG CPR (G)    (30);CPR;NEO QUIMICA;CPR;
217190;LUBRIFICANTE INIBIDOR DE CORROSﾃO 5000ML;GL;INDALABOR;GL;0
37206;"LUVA CIRURGICA ESTERIL  7,0        (200)";PAR;NEW HAND;PAR;
37230;"LUVA CIRURGICA ESTERIL  8,5";PAR;NEW HAND;PAR;
37214;"LUVA CIRURGICA ESTERIL 7,5";PAR;NEW HAND;PAR;
141941;"LUVA CIRURGICA 7,0 ESTERIL";PAR;LEMGRUBER;PAR;
138509;"LUVA CIRURGICA 7,5 ESTERIL";PAR;LEMGRUBER;PAR;
193887;"LUVA CIRURGICA 8,0  ESTERIL";PAR;LEMGRUBER;PAR;
149799;LUVA DE VINIL M  C/PO    C/100;CX;BOMPACK;CX;
208523;LUVA DE VINIL PEQUENA  S/PO    C/100;CX;DESCARPACK;CX;
212954;"LUVA ESTERIL 6,5 (PAR)";PAR;NEW HAND;PAR;
139904;"LUVA ESTERIL 7,5 (PAR)";PAR;DESCARPACK;PAR;50
204943;LUVA P/ PROCEDIMENTO LATEX - TAM G C/100;CX;MEDIX;CX;
21369;LUVA P/ PROCEDIMENTO TAM G  C/100;CX;LEMGRUBER;CX;
144371;LUVA PROCEDIMENTO C/100 G SUPERMAX;CX;SUPERMAX;CX;
171662;LUVA PROCEDIMENTO C/100 TAM M;CX;SUPERMAX;CX;
70637;LUVA PROCEDIMENTO C/100 TAM P;CX;SUPERMAX;CX;
194026;LUVA PROCEDIMENTO M  C/100;CX;MEDIX;CX;
192643;LUVA RASPA MISTA 15CM (COURO);PAR;.;PAR;
21768;MALHA TUBULAR ORTOPEDICA  4CMX15MT;RL;ORTOFEN;RL;
2593;MALHA TUBULAR ORTOPEDICA 10CMX15MT;RL;ORTOFEN;RL;
25801;MALHA TUBULAR ORTOPEDICA 12CMX15MT;RL;ORTOFEN;RL;
6017;MALHA TUBULAR ORTOPEDICA 15CMX15MT;RL;ORTOFEN;RL;
10243;MALHA TUBULAR ORTOPEDICA 6CMX15MT;RL;ORTOFEN;RL;
10251;MALHA TUBULAR ORTOPEDICA 8CM;RL;ORTOFEN;RL;
212393;MANGUITO P/ AP. PRESSAO;UND;SOLIDOR;UND;
216178;MANOMETRO VALV CIL 0-315 KGF/CM2 TRT;UND;PROTEC;UND;
173606;MASCARA ALTA CONCENTRACAO ADULTO;UNI;PROTEC;UNI;
139734;MASCARA CIRURGICA DESC C/ELAST;UND;CIRUTI;UND;
193275;MASCARA DE RCP TIPO POCKET;UNI;FUN DIVE;UNI;
195871;MASCARA FACIAL INFANTIL;UND;PROTEC;UND;
216291;MASCARA FACIAL INFANTIL;UND;ROMED;UND;
150436;MASCARA P/MICRONEB TIPO TENDA;UND;GOODCOME;UND;
190640;MASCARA RESSUCITADOR ADULTO;UND;PROTEC;UND;
216267;MASCARA SIL REAN/ANEST/VNI N. 2 INF;UND;BISMED;UND;
216305;MASCARA SIL REAN/ANEST/VNI N. 4 ADULTO;UND;BISMED;UND;
190624;MASCARA SILIC. N.1 P/REANIMADOR NEONATAL;UND;PROTEC;UND;
190632;MASCARA SILIC. N.3 P/REANIMADOR INFANTIL;UND;PROTEC;UND;
171514;MASCARA TUBERCULOSE N 95 PFF-2  S/VAL;UND;SUPERMEDY;UND;160
150371;MASCARA VENTURI ADULTO;UND;GOODCOME;UND;
157651;METFORMINA 850MG CPS  (G)  (400);CPS;PRATI;CPS;
201294;METILDOPA 250MG CPR REV   (500);CPR;SANVAL;CPR;
168467;METILDOPA 500MG CPR                (30);CPR;EMS;CPR;500
185175;"METILERGOMETRINA INJ 0,2MG/ML 1ML   (50)";AMP;UNIAO QUIMICA;AMP;
153338;METOCLOPRAMIDA 10MG (NOVOSIL)      (500);CPR;HIPOLABOR;CPR;
212687;METOCLOPRAMIDA 4MG/ML GTS 10ML;FR;MARIOL;FR;
203920;METOCLOPRAMIDA 5MG/ML INJ 2ML      (240);AMP;ISOFARMA;AMP;
211559;METOPROLOL 1MG/ML INJ 5ML           (10);AMP;CRISTALIA;AMP;
156590;METRONIDAZOL 40MG/ML SUP 100ML (70);FR;BELFAR;FR;
135968;MICRONEBULIZADOR ADULTO P/ O2;UND;PROTEC;UND;
192856;"MICRONEBULIZADOR INFANT P/AR C/EXT 1,5M";UND;PROTEC;UND;
210153;MIDAZOLAM 15MG CPR REV    (B1)      (20);CPR;CRISTALIA;CPR;
149144;MIDAZOLAM 5MG/ML AMP INJ 3ML (B1) (100);AMP;HIPOLABOR;AMP;
181765;MIKANIA GLOMERATA (GUACO) XPE 100ML (50);FR;NATULAB;FR;
142964;MIRTAZAPINA 45MG CPR (C1)           (30);CPR;MEDLEY;CPR;
101931;MUVINLAX  14G                       (20);ENV;LIBBS;ENV;
172278;"NEOSTIGMINA INJ 0,5MG/ML 1ML        (50)";AMP;UNIAO QUIMICA;AMP;50
175900;NIFEDIPINO 20MG CPR  (NIOXIL)      (450);CPR;GEOLAB;CPR;
152455;NIMESULIDA 100MG CPR (NIMELIT)     (12);CPR;VITAMEDIC;CPR;
3476;NISTATINA CR VAGINAL 60GR S/CX  (GENERIC;UND;TEUTO;UND;
201863;NITRATO DE MICONAZOL LOCAO 20MG/ML 30ML;FR;NEO QUIMICA;FR;
194395;NITROGLICERINA 5MG/ML AMP 10ML      (10);AMP;CRISTALIA;AMP;
97519;NITROPRUSSETO 50MG KIT 5FR+5DIL 2ML;F/A;CRISTALIA;F/A;
212962;NORFLOXACINO 400MG CPR (G)         (420);CPR;MEDQUIMICA;CPR;
216542;NORTRIPTILINA 50MG CPR (C1)         (30);CPR;RAMBAXY;CPR;
84530;NYLON MON. PRETO  3.0 C/AGULHA  4CM C/24;CX;SHALON;CX;
205109;NYLON MON. PRETO  5.0  C/AGULHA 3CM C/24;CX;SHALON;CX;
114596;NYLON N.  1.0 C/AGULHA     2CM C/24;CX;PROCARE;CX;
218065;"NYLON N.  1.0 C/AGULHA     2,5CM C/24";CX;PROCARE;CX;
116076;NYLON N.  2.0 C/AGULHA    2CM C/24;CX;PROCARE;CX;
178071;NYLON N.  2.0 C/AGULHA    2.0 CM C/24;CX;TECHNOFIO;CX;
116092;NYLON N.  2.0 C/AGULHA    3CM C/24;CX;PROCARE;CX;
176842;NYLON N.  2.0 C/AGULHA    3.0 CM C/24;CX;TECHNOFIO;CX;
116084;"NYLON N.  2.0 C/AGULHA 2,5CM C/24";CX;PROCARE;CX;
180572;"NYLON N.  3.0 C/AGULHA     2,0 CM C/24";CX;TECHNOFIO;CX;
176834;NYLON N.  3.0 C/AGULHA     3.0 CM C/24;CX;TECHNOFIO;CX;1
116130;NYLON N.  4.0 C/AGULHA    2CM C/24;CX;PROCARE;CX;
188743;"NYLON N.  4.0 C/AGULHA    2,0CM C/24";CX;TECHNOFIO;CX;
116149;"NYLON N.  4.0 C/AGULHA    2,5CM C/24";CX;PROCARE;CX;
178063;NYLON N.  5.0 C/AGULHA    2CM C/24;CX;TECHNOFIO;CX;
218081;"NYLON N.  5.0 C/AGULHA    2,5CM C/24";CX;PROCARE;CX;
121215;NYLON N. 0   C/AGULHA 5CM C/24;CX;SHALON;CX;
148695;NYLON N. 1 C/AGULHA 3CM C/24;CX;PROCARE;CX;
148687;"NYLON N. 5 C/AGULHA 1,5CM C/24";CX;PROCARE;CX;
185167;OCITOCINA AMP  INJ 5UI/ML 1ML      (50);AMP;UNIAO QUIMICA;AMP;
134520;OLEO MINERAL 100ML   (48);FR;MARIOL;FR;
144460;OLEO MINERAL(PETROLATO LIQ)100ML-LAXENOL;FR;NATULAB;FR;1
200875;OMEPRAZOL 20MG CPS               (56);CPS;PHARLAB;CPS;
198390;OMEPRAZOL 40MG PO FR+DILUENTE       (20);FR;BLAU;FR;
86886;OMEPRAZOL 40MG PO INJ C/DIL 10ML (25);F/A;CRISTALIA;F/A;
196843;ONDANSETRONA 2MG/ML AMP 2ML SOL INJ (50);AMP;NOVAFARMA;AMP;
199036;ONDANSETRONA 2MG/ML 2ML INJ (G)     (50);AMP;HYPOFARMA;AMP;
204749;ONDANSETRONA 4MG  AMP INJ 2ML (G)  (100);AMP;HALEX ISTAR;AMP;
204757;ONDANSETRONA 8MG  AMP INJ 4ML   (100);AMP;HALEX ISTAR;AMP;
185140;OXACILINA 500MG PO SOL INJ IV IM  (50);AMP;NOVAFARMA;AMP;
191744;OXCARBAZEPINA 300MG CPR REV(C1)     (60);CPR;UNIAO QUIMICA;CPR;60
217883;OXCARBAZEPINA 300MG CPR REV(C1)  (30);CPR;RAMBAXY;CPR;60
214256;OXIMETRO DE PULSO TIPO DEDO;UND;PROMEDIX;UND;
212946;PALM. RETINOL/COLECALDIFEROL 3000UI 10ML;FR;SANVAL;FR;
199818;PANCURONIO 2MG/ML INJ 2ML           (50);AMP;CRISTALIA;AMP;
151335;PAPEL CARBONO C/12 FLS;PCT;PREVEN;PCT;
207624;PAPEL CREPADO 60G BRANCO 50X50  (500);UND;CIEX;UND;
207632;PAPEL CREPADO 60G BRANCO 60X60  (500);UND;CIEX;UND;
141640;PAPEL GRAU CIRURGICO 10X100M;UND;CIRUTI;UND;
160954;PAPEL GRAU CIRURGICO 10X100M;UND;PROTECT;UND;
141801;PAPEL GRAU CIRURGICO 30X100M;UND;CIRUTI;UND;
147303;PAPEL LENCOL 50X50 BRANCO;RL;SF PAPEIS;RL;
147281;PAPEL LENCOL 70X50 BRANCO;RL;SF PAPEIS;RL;
208477;PAPEL LENCOL 70X50 BRANCO 100% CEL VIRG;RL;ORTOFEN;RL;
208957;PAPEL TOALHA INTERFOLHA C/1000 NEUTRO;PCT;MINERVA;PCT;
176966;PAPEL TOALHA 23X18 C/1000 BRANCO;PCT;SF PAPEIS;PCT;
200883;PARACETAM+CODEINA 500+30MG CPR (A2) (12);CPR;GEOLAB;CPR;12
199273;PARACETAMOL 200MG/ML GTS 10ML (200);FR;NATULAB;FR;
144452;PARACETAMOL 200MG/ML GTS 15ML      (200);FR;NATULAB;FR;
156825;PARACETAMOL+CODEINA 30MG CPR (A2)  (12);CPR;EMS;CPR;12
207659;PARACETAMOL+CODEINA 30MG CPR (A2)  (120);CPR;UNIAO QUIMICA;CPR;12
187526;PAROXETINA 20MG CPR   (C1)          (30);CPR;MEDLEY;CPR;
156205;PASTA D AGUA 100G (OXIDO DE ZINCO);PT;RIOQUIMICA;PT;
21725;PENIC.G.BENZ 1.200.00 S/DIL(BEPEBEN)(50);FR;TEUTO;FR;
204498;PENICILINA BENZ PRO. 400.000UI PO (100);AMP;BLAU;AMP;
8141;PENICILINA G. BENZ. 600.000UI S/DIL (50);FR;TEUTO;FR;
178691;PENTOXIFILINA 20MG/ML INJ 5ML       (5O);AMP;UNIAO QUIMICA;AMP;CX
193550;PERA INSUFLADORA S/VALVUL P/ AP. PRESSAO;UN;PROMEDIX;UN;
141291;PERFURADOR DE MEMBRANA AMNIOTICA;UND;MEDSONDA;UND;
169536;PERICIAZINA 4% GTS  20ML    (C1);FR;SANOFI;FR;
209430;PERMETRINA  10MG/ML 1% 60ML LOCAO (G);FR;PRATI;FR;
203696;PERMETRINA  10MG/ML 1% 60ML (PERMENATI);FR;NATIVITA;FR;
170984;PERMETRINA  50MG/ML 5% 60ML (PERMENATI);FR;NATIVITA;FR;
173738;PILHA ALCALINA D GD C/2;UND;PANASONIC;UND;
194409;PILHA PANASONIC ALCALINA AA PQ      (06);UN;PANASONIC;UN;
186724;PILHA RAYOVAC PQ AAA PALITO   (4);UN;RAYOVAC;UN;
135135;PILHA ROV ZINCO GD C/2;PC;RAYOVAC;PC;
62316;PINCA CHERRON DESCARTAVEL;UND;ADLIN;UND;
199222;"PIPERACILINA 4,0G +TAZOBACTAM 0,5G  (25)";FR;NOVA FARMA;FR;
120383;PIPETA T PASTEUR 3ML GRAD;UND;J.PROLAB;UND;
215988;"POLIESTER TRANC 5 C/AG 4,7MTF C/12";CX;SHALON;CX;
180700;PORTA LAMINAS CAP/3 UND;UND;J.PROLAB;UND;
134171;POVIDINE DEGERMANTE 10% 1000ML(12);FR;VICPHARMA;FR;
214850;POVIDINE TOPICO 10% 1000ML;FR;UNIPHAR;FR;
206903;POVIDINE TOPICO 10% 1000ML  (12);UND;VICPHARMA;UND;
2712;POVIDINE TOPICO 10% 1000ML (RIODEINE);FR;RIOQUIMICA;FR;
111783;PREDNISONA  5MG CPR   (500);CPR;VITAPAN;CPR;24
151670;PREDNISONA  5MG CPR (500);CPR;SANVAL;CPR;500
197840;PREDNISONA 20MG CPR                (500);CPR;SANVAL;CPR;
172120;PRESERVATIVO MASCULINO N/ LUB;UND;FARMATEX;UND;
154318;PROMETAZINA 25MG CPR REV         (200);CPR;CRISTALIA;CPR;
211567;PROMETAZINA 25MG/ML INJ 2ML         (50);AMP;CRISTALIA;AMP;
187763;PROMETAZINA 25MG/ML INJ 2ML   (100);AMP;SANVAL;AMP;
138932;PROPOFOL 10MG/ML EMU INJ 20ML (C1)  (5);AMP;MIDFARMA;AMP;
151718;PROPRANOLOL 40MG     (30);CPR;VITAMEDIC;CPR;
210730;PROTETOR SOLAR FPS.30 SUNLESS 120G;FR;FARMAX;FR;
210749;PROTETOR SOLAR FPS.50 SUNLESS 120G;FR;FARMAX;FR;
193950;RANITIDINA INJ 25MG/ML 2ML AMP   (120);AMP;TEUTO;AMP;
204196;RANITIDINA 150MG CPR (ULTIDIN)     (500);CPR;GEOLAB;CPR;500
201758;RANITIDINA 25MG/ML AMP INJ 2ML      (50);AMP;UNIAO QUIMICA;AMP;
216313;REANIMADOR MANUAL SILIC M.SIL COMPL ADT;KIT;ROMED;KIT;
173584;REANIMADOR MANUAL STD SIL 121 MASC AD;PCT;PROTEC;PCT;
176338;RECIPIENTE P/MICRONEBULIZADOR;UND;PROTEC;UND;
204323;"REIDRATANTE ORAL PO SAIS 27,9G ENV (50)";UND;NATULAB;UND;
217204;REMOVEDOR DE OXIDACAO - IDANOX 5000ML;GL;INDALABOR;GL;0
173592;RESERVATORIO REANIMADOR AMBU ADT MOD 14;KIT;PROTEC;KIT;
148830;RETOSIGMOIDOSCOPIO;UND;ADLIN;UND;
157864;RISPERIDONA 1MG CPR REV (C1)        (30);CPR;EURO FARMA;CPR;
200824;RISPERIDONA 1MG CPR REV (C1)       (200);CPR;CRISTALIA;CPR;
215775;RISPERIDONA 1MG/ML GTS 30ML SER-VP  (C1);FR;PRATI;FR;
193593;RISPERIDONA 1MG/ML GTS 30ML+DOSAD  (C1);FR;CRISTALIA;FR;
195022;RISPERIDONA 2MG CPR REV  (C1)      (200);CPR;CRISTALIA;CPR;
156361;RISPERIDONA 2MG CPR REV  (C1)      (30);CPR;PRATI;CPR;
209473;RISPERIDONA 3MG CPR REV (C1)       (200);CPR;CRISTALIA;CPR;
217271;SABONETE ESPUMA/SPRAY 800ML-INDACLEAN NE;FR;INDALABOR;FR;
217468;SABONETE LIQ. ANTISSEPTICO 800ML REF;FR;INDALABOR;FR;
217247;SABONETE LIQ. INFANTIL 250ML INDABABY;FR;INDALABOR;FR;
217255;SABONETE LIQ. PEROLADO NEUTRO 100ML;FR;INDALABOR;FR;
217280;SABONETE LIQ. PEROLADO NEUTRO 1000ML;FR;INDALABOR;FR;
217263;SABONETE LIQ. PEROLADO NEUTRO 250ML;FR;INDALABOR;FR;
217298;SABONETE LIQ. PEROLADO NEUTRO 5000ML;GL;INDALABOR;GL;
154938;SACO P/RESIDUO HOSP.  INFECT. 200L C/100;PCT;RAVA;PCT;
119989;SALBUTAMOL XPE 100ML (BUTALAB);FR;NATULAB;FR;
164003;"SALBUTAMOL 0,5MG/ML INJ  1ML (G)   (100)";AMP;HIPOLABOR;AMP;
148997;SAPATILHA PROPE DESCAR PCT C/100;PCT;OPEN MEDICAL;PCT;
165328;SCALP Nｺ 19 P.V.C                  (100);UND;CIRUTE;UND;
58068;SCALP Nｺ 19 P.V.C                  (100);UND;LAMEDID;UND;
165344;SCALP N.21 P.V.C                   (100);UND;CIRUTE;UND;100
131822;SCALP N.21 P.V.C                   (100);UND;SOLIDOR;UND;100
165395;SCALP N.23  P.V.C                  (100);UND;CIRUTE;UND;100
194557;SCALP N.23  P.V.C                  (100);UND;LAMEDID;UND;100
190357;SCALP N.25;UND;LABOR IMPORT;UND;
165468;SCALP N.25  P.V.C                  (100);UND;CIRUTE;UND;
179540;SCALP N.25  P.V.C                  (100);UND;SOLIDOR;UND;
217832;SCALP N.25  P.V.C                  (100);UND;TOPMED;UND;
131857;SCALP N.27 P.V.C                   (100);UND;LAMEDID;UND;500
89966;"SERING 1ML P/INSU SLIP C/AG 13X4,5 (500)";UND;SR;UND;
65099;SERINGA DESCARTAVEL 10ML S/AG SLIP (250);UND;SR;UND;
65102;SERINGA DESCARTAVEL 20ML S/AG SLIP (250);UND;SR;UND;
213080;SERINGA DESCARTAVEL 3ML C/AG 30X7  LOCK;UN;DESCARPACK;UN;
213918;SERINGA DESCARTAVEL 3ML C/AG 30X7  SLIP;UN;DESCARPACK;UN;
149187;SERINGA DESCARTAVEL 3ML S/AG SLIP;UND;RYMCO;UND;
132055;SERINGA DESCARTAVEL 5ML  SLIP     (500);UND;SR;UND;
149225;SERINGA DESCARTAVEL 5ML S/AG SLIP;UND;RYMCO;UND;
203270;SERINGA DESCARTAVEL 60ML S/AG SLIP (25);UND;DESCARPACK;UND;
177008;SERINGA VIDRO B.C. 10CC/ML;UN;ARTI GLASS;UN;
26611;SERINGA VIDRO B.C. 20CC/ML;UN;ARTI GLASS;UN;
211117;SERINGA 1ML LUER SLIP S/ AGULHA    (500);UND;SR;UND;
65072;SERINGA 3ML  S/AGULHA LUER SLIP  (500);UND;SR;UND;
214175;SINVASTATINA 20MG CPR              (500);CPR;PHARLAB;CPR;150
216070;SINVASTATINA 40MG CPR              (500);CPR;PHARLAB;CPR;
185370;SINVASTATINA 40MG CPR              (500);CPR;SANVAL;CPR;
215708;SISTEMA DE ASPIRACAO NEO 06FR S/F C/MDI;UND;NEWMED;UND;
206172;"SOL CLORETO SODIO 0,9% NASAL 30ML";FR;FARMACE;FR;128
139629;SOL. DE MANITOL 20% 250ML           (48);FR;FRESENIUS;FR;
217239;SOLUCAO PRE-LIMPEZA 750ML SPRAY;FR;INDALABOR;FR;
205966;SONDA ALIMENTACAO ENTERAL 08FR POL;UND;MEDICONE;UND;
189073;SONDA ALIMENTACAO ENTERAL 10FR POL;UND;MEDICONE;UND;
213438;SONDA ALIMENTACAO ENTERAL 6FR;UND;MEDICONE;UND;
179710;SONDA ASPIRACﾃO TRAQUEAL Nｺ 04;UND;MEDSONDA;UND;
164208;SONDA ASPIRACﾃO TRAQUEAL Nｺ 06;UND;MEDSONDA;UND;
164534;SONDA ASPIRACﾃO TRAQUEAL Nｺ 08;UND;MEDSONDA;UND;
164542;SONDA ASPIRACﾃO TRAQUEAL Nｺ 10;UND;MEDSONDA;UND;
164550;SONDA ASPIRACﾃO TRAQUEAL Nｺ 12;UND;MEDSONDA;UND;
164569;SONDA ASPIRACﾃO TRAQUEAL Nｺ 14;UND;MEDSONDA;UND;
164577;SONDA ASPIRACﾃO TRAQUEAL Nｺ 16;UND;MEDSONDA;UND;
164593;SONDA ASPIRACﾃO TRAQUEAL Nｺ 20;UND;MEDSONDA;UND;
164585;SONDA ASPIRAﾇﾃO TRAQUEAL Nｺ 18;UND;MEDSONDA;UND;
208060;SONDA DE FOLEY  N.18 - 2 VIAS;UND;SOLIDOR;UND;10
6483;SONDA DE FOLEY  N.18/30CC - 2 VIAS;UND;SOLIDOR;UND;
139254;SONDA DE FOLEY 2 VIAS N.16;UND;CIRUTI;UND;1
139955;SONDA DE FOLEY 2 VIAS N.22 C/B;UND;CIRUTI;UND;1
165042;SONDA DE FOLEY 3 VIAS N.18;UND;CIRUTI;UND;
213861;"SONDA ENDOTRAQUEAL ARAMADO 6,5 C/BALAO";UN;SOLIDOR;UN;10
213683;"SONDA ENDOTRAQUEAL ARAMADO 8,0 C/BALAO";UN;SOLIDOR;UN;10
150363;"SONDA ENDOTRAQUEAL C/B 2,5          (10)";UND;GOODCOME;UND;
218111;"SONDA ENDOTRAQUEAL C/B 3,0";UND;SOLIDOR;UND;10
199907;"SONDA ENDOTRAQUEAL C/BALAO 9,5";UND;SOLIDOR;UND;
18422;"SONDA ENDOTRAQUEAL S/B 2,0";UND;SOLIDOR;UND;
217840;"SONDA ENDOTRAQUEAL S/B 2,5          (10)";UND;COMPER;UND;
109878;"SONDA ENDOTRAQUEAL S/B 2,5          (10)";UND;SOLIDOR;UND;
109100;"SONDA ENDOTRAQUEAL S/B 3,0";UND;SOLIDOR;UND;10
18376;"SONDA ENDOTRAQUEAL S/B 4,5M";UND;SOLIDOR;UND;
18392;"SONDA ENDOTRAQUEAL S/B 5,0";UND;SOLIDOR;UND;
106798;SONDA FOLEY N.08 - 2 VIAS;UND;SOLIDOR;UND;
150479;SONDA FOLEY 2 VIAS N.12;UND;CIRUTI;UND;
70408;SONDA FOLEY 2 VIAS N.14;UND;SOLIDOR;UND;
139165;SONDA FOLEY 2 VIAS N.14 C/B;UND;CIRUTI;UND;
139882;SONDA FOLEY 2 VIAS N.20;UND;CIRUTI;UND;
165050;SONDA FOLEY 3 VIAS N.20;UND;CIRUTI;UND;
70459;SONDA FOLEY 3 VIAS N.22;UND;SOLIDOR;UND;
70467;SONDA FOLEY 3 VIAS N.24;UND;SOLIDOR;UND;
213020;SONDA NASOGASTRICA CURTA N. 16;PCT;MEDSONDA;PCT;
190900;SONDA NASOGASTRICA CURTA N.10;UND;MEDSONDA;UND;
137499;SONDA NASOGASTRICA CURTA N.12  (10);UND;MEDSONDA;UND;
212040;SONDA NASOGASTRICA CURTA N.14;UND;MEDSONDA;UND;10
174556;SONDA NASOGASTRICA CURTA N.16;UND;MEDSONDA;UND;
201260;SONDA NASOGASTRICA CURTA N.18;UND;MEDSONDA;UND;
137502;SONDA NASOGASTRICA CURTA N.20;UND;MEDSONDA;UND;10
208655;SONDA NASOGASTRICA LONGA N.04;UND;MEDSONDA;UND;
208663;SONDA NASOGASTRICA LONGA N.06;UND;MEDSONDA;UND;
164631;SONDA NASOGASTRICA LONGA N.08;UND;MEDSONDA;UND;
179701;SONDA NASOGASTRICA LONGA N.10       (10);UND;MEDSONDA;UND;
174564;SONDA NASOGASTRICA LONGA N.12;UND;MEDSONDA;UND;
208671;SONDA NASOGASTRICA LONGA N.14       (10);UND;MEDSONDA;UND;
206865;SONDA NASOGASTRICA LONGA N.16       (10);UND;MEDSONDA;UND;
174580;SONDA NASOGASTRICA LONGA N.18;UND;MEDSONDA;UND;
164658;SONDA NASOGASTRICA LONGA N.20;UND;MEDSONDA;UND;
201278;SONDA NASOGASTRICA LONGA N.22       (10);UND;MEDSONDA;UND;
184101;SONDA NASOGASTRICA LONGA N.24;UND;MEDSONDA;UND;
180459;SONDA NAZOGASTRICA N.12 CURTA;UND;MEDSONDA;UND;
164666;SONDA RETAL N 04;UND;MEDSONDA;UND;
164674;SONDA RETAL N.06;UND;MEDSONDA;UND;
164682;SONDA RETAL N.08;UND;MEDSONDA;UND;
209872;SONDA RETAL N.10    (10);UND;MEDSONDA;UND;
193348;SONDA RETAL N.12    (10);UND;MEDSONDA;UND;
164690;SONDA RETAL N.14     (10);UND;MEDSONDA;UND;
164704;SONDA RETAL N.16     (10);UND;MEDSONDA;UND;
164739;SONDA URETRAL N. 04;UND;MEDSONDA;UND;
164747;SONDA URETRAL N. 06    (10);UND;MEDSONDA;UND;
164836;SONDA URETRAL N. 08                 (10);UND;MEDSONDA;UND;
164755;SONDA URETRAL N. 10                 (10);UND;MEDSONDA;UND;
164763;SONDA URETRAL N. 12                 (10);UND;MEDSONDA;UND;
164771;SONDA URETRAL N. 14                 (10);UND;MEDSONDA;UND;
164780;SONDA URETRAL N. 16                 (10);UND;MEDSONDA;UND;
205206;SONDA URETRAL N.24                  (10);UND;MARK MED;UND;
216003;"SORBITOL/MANITOL 27+5,4MG/ML1000ML";FR;FRESENIUS;FR;
701;SORO ANTI B 10ML;FR;EBRAM;FR;
22004;"SORO FISIOLOGICO  0,9% 250ML        (50)";FR;HALEX ISTAR;FR;
21997;"SORO FISIOLOGICO 0,9%  100ML       (100)";F/A;HALEXISTAR;F/A;
132810;"SORO FISIOLOGICO 0,9% 100ML SF (80)";FR;FRESENIUS;FR;
204633;"SORO FISIOLOGICO 0,9% 1000ML S/F    (16)";FR;FRESENIUS;FR;50
132071;"SORO FISIOLOGICO 0,9% 250ML         (48)";FR;FRESENIUS;FR;
137375;"SORO FISIOLOGICO 0,9% 500ML         (30)";FR;FRESENIUS;FR;
133108;SORO GLICOFISIOLOGICO  250ML S/F    (48);FR;FRESENIUS;FR;
132110;SORO GLICOFISIOLOGICO 500 ML (30);FR;FRESENIUS;FR;
22721;SORO GLICOSADO 5%   250ML           (50);FR;HALEX ISTAR;FR;
22730;SORO GLICOSADO 5%   500ML           (30);F/A;HALEX ISTAR;F/A;
132098;SORO GLICOSADO 5% 100ML S/F;UND;FRESENIUS;UND;
132829;SORO GLICOSADO 5% 500ML             (30);AMP;FRESENIUS;AMP;
216720;SORO RINGER C/LACTATO SF 500ML      (24);AMP;FARMACE;AMP;
21938;SORO RINGER C/LACTATO SF 500ML      (30);AMP;HALEX ISTAR;AMP;
132101;SORO RINGER C/LACTATO 500ML  (30);FR;FRESENIUS;FR;
184870;"SUFENTANILA 5,0MCG/ML INJ 2ML (A1)  (30)";AMP;CRISTALIA;AMP;
117625;SULF. FERROSO 125MG/ML GTS 30ML  S/CX;UND;NATULAB;UND;
117617;SULF FERROSO 25MG/ML LIQ 100ML      (50);FR;NATULAB;FR;
172790;"SULF. MORFINA INJ 0,2MG/ML 1ML (A1) (50)";AMP;CRISTALIA;AMP;50
199850;SULF. MORFINA INJ 10MG/ML 1ML (A1)  (50);AMP;CRISTALIA;AMP;50
171220;SULFADIAZINA DE PRATA CREME 10MG/G 30GR;UND;NATIVITA;UND;
113557;SULFADIAZINA DE PRATA CREME 10MG/G 30GR;UND;PRATI;UND;
171298;SULFADIAZINA DE PRATA CREME 10MG/G 50GR;UND;NATIVITA;UND;
203700;SULFADIAZINA DE PRATA 400GR PT 10MG/G;PT;NATIVITA;PT;
214604;SULFAMETOX/TRIMETOPRIMA 40/8MG/ML 50ML;FR;SOBRAL;FR;
205532;"SULFATO DE ATROPINA 0,25MG/ML 1ML (240)";AMP;ISOFARMA;AMP;
193445;SULFATO DE MAGNESIO 50% 10ML       (200);AMP;ISOFARMA;AMP;
185710;SULFATO DE MORFINA 30MG CPR (A1)    (50);CPR;CRISTALIA;CPR;
147575;"SULFATO DE SALBUTAMOL 0,4MG/ML 100ML";FR;FARMACE;FR;
198331;"SULFATO FERROSO 199,13MG CPR REV (500)";CPR;NATULAB;CPR;
102610;SUPORTE P/ CRIANCA 2 A 5 ANOS;UN;CALDURO;UN;
216399;SUPORTE P/COL. PERFURO CORTANTE 07 L;UND;PROMEDIX;UND;
216402;SUPORTE P/COL. PERFURO CORTANTE 13 L;UND;PROMEDIX;UND;
216410;SUPORTE P/COL. PERFURO CORTANTE 20 L;UND;PROMEDIX;UND;
12319;SUXAMETONIO 100MG PO F/A  (SUCCINIL);F/A;UNIAO QUIMICA;F/A;
213608;TALA ARAMADA EM EVA G 86X9CM;UND;ROMED;UND;
213616;TALA ARAMADA EM EVA GG 102X10CM;UND;ROMED;UND;
213594;TALA ARAMADA EM EVA M 63X9CM;UND;ROMED;UND;
213586;TALA ARAMADA EM EVA P 53X8CM;UND;ROMED;UND;
213578;TALA ARAMADA EM EVA PP 30X8CM;UND;ROMED;UND;
149829;TALA METALICA IMOBIL C/ESPUM 16X250;UND;MSO;UND;
149853;TALA METALICA IMOBIL C/ESPUM 19X250;UND;MSO;UND;
200840;TENOXICAM 20MG PO INJ F/A C/DIL 2ML (50);F/A;CRISTALIA;F/A;
194867;TENOXICAM 40MG PO INJ S/DIL FR/AMP  (50);AMP;UNIAO QUIMICA;AMP;
183997;TENSIOMENTRO INF NA BOLSA C/VELCRO;UN;ACCUMED;UN;
172154;"TERBUTALINA SULF. 0,5MG/ML 1ML     (100)";AMP;HIPOLABOR;AMP;
189545;TERMOMETRO CLINICO DIGITAL;UND;SOLIDOR;UND;
144487;TERMOMETRO CLINICO PRISMATICO  (PREMIUM);UND;ACCUMED;UND;
203653;TERMOMETRO DIGITAL DUAL MODE IR1DA1;UND;MICROLIFE;UND;
197670;TERMOMETRO MAX E MIN ANALOG TIPO CASINHA;UNI;J. PROLAB;UNI;
136603;TERMOMETRO MAX E MIN. DIGITAL C/CABO;UND;J. PROLAB;UND;
146960;"TIMOLOL MAL 0,5% SOL 5ML OFTALMICA";FR;TEUTO;FR;
194891;TIORIDAZINA 100MG CPR REV (C1)      (20);CPR;UNIAO QUIMICA;CPR;
150010;TIORIDAZINA 50MG CPR REV (C1)       (20);CPR;UNIAO QUIMICA;CPR;
176680;TIRA DE GLICEMIA C/50;CX;ACON;CX;
217042;TOPIRAMATO 25MG CPR            (60) (G);CPR;EUROFARMA;CPR;
168599;TORNEIRA 3 VIAS (LUER LOOK) C/TRAVA (50);UND;SOLIDOR;UND;
172839;TOUCA BRANCA C/ELASTICO C/100;PCT;FARMATEX;PCT;
216968;TOUCA BRANCA C/ELASTICO C/100;PCT;SKY;PCT;
98833;"TUBO  ENDOTRAQUEAL C/B 4,0";UND;SOLIDOR;UND;
168564;TUBO CONICO GRAD. PP (OPACO) 12ML S.TAMP;UND;BIOPLAS;UND;
216445;TUBO DE LATEX NR. 200  PCT C/15 METROS;PCT;PROMEDIX;PCT;
151106;"TUBO ENDOTRAQUEAL C/B N.4,5 (SONDA)";UND;CIRUTI;UND;
138851;"TUBO ENDOTRAQUEAL C/B 3,5";UND;SOLIDOR;UND;
151416;"TUBO ENDOTRAQUEAL C/B 5,5 (SONDA)";UND;CIRUTI;UND;10
109150;"TUBO ENDOTRAQUEAL C/B 8,0";UND;SOLIDOR;UND;10
151009;"TUBO ENDOTRAQUEAL 6,5 C/BALAO (SONDA)";UND;CIRUTI;UND;10
165000;"TUBO ENDOTRAQUEAL 8,0 C/BALAO";UND;CIRUTE;UND;10
216186;TUBO HOSP. SILICONE 202 5X10MM C/15MT;RL;MEDICONE;RL;
144002;TUBO HOSP. SILICONE 204 6X12MM C/15MT;RL;MEDICONE;RL;
149888;UMIDIFICADOR AQUEC ADT THERMOVENT 1200;UND;PORTEX;UND;
142310;VALPROATO DE SODIO 250MG/5ML 100ML (C1);FR;HIPOLABOR;FR;1
192740;VALVULA RED.CIL.1 MAN C/1S.C.B.LG.P/OXIG;UNI;PROTEC;UNI;
203726;VANCOMICINA 500MG PO INJ VANCOTRAT) (50);F/A;UNIAO QUIMICA;F/A;
144568;VAPORIZADOR CALIBRADO - SEVOFLURANO;UND;OXIGEL;UND;
186830;VARFARINA SODICA 5MG CPR (G)        (30);CPR;UNIﾃO QUIMICA;CPR;
210234;VASELINA LIQUIDA 1000ML;LT;CINORD;LT;
190047;VASELINA SOLIDA  500GR;UND;VICPHARMA;UND;
187020;VASOPRESSINA 20U/ML AMP INJ 1ML     (10);AMP;BIOLAB;AMP;
215929;"VICRYL 2 C/AG 4,0 C/36 (POLICLACTINA)";CX;TECHNOFIO;CX;
152471;"VICRYL 3.0 C/AG 2,5 C/36 (POLIGLACTINA)";CX;TECHNOFIO;CX;
214728;"VICRYL 3.0 C/AG 3,5 C/36 (POLIGLACTINA)";CX;TECHNOFIO;CX;
169820;"VICRYL 4.0 C/AG 1,5 C/36 (POLIGLACTINA)";CX;SHALON;CX;
215910;"VICRYL 4.0 C/AG 2,0 C/36 (POLIGLACTINA)";CX;TECHNOFIO;CX;
132195;VITAMINA C 100MG/ML 5ML ACIDO ASC (100);AMP;FARMACE;AMP;100
173630;VITAMINA K 10MG/ML INJ 1ML(FITOMEN) (50);AMP;HIPOLABOR;AMP;
136239;VOLUVEN 6% 500ML (HIDROXIETILAMIDO);FR;FRESENIUS;FR;
