codigo;Descricao;Aprese;Qtd_Embalagem;Fabricante
58;"CEFEPIMA,CLORIDRATO 1G PO INJ CX C/10";CX C/10;200;NOVAFARMA GENERICO
59;"CEFEPIMA,CLORIDRATO 2G EV CX C/ 10";CX C/ 10;200;NOVAFARMA GENERICO
60;DEXAMETASONA(CORTICOIDEX) 4MG INJ C/50 AMP;INJ C/50 AMP;50;NOVAFARMA
63;NOREPINEFRINA 8MG/4ML AMP 4ML CX C/50;CX C/50;1000;NOVAFARMA GENERICO
65;METILPREDNISOLONA 500MG PO INJ;INJ;10;NOVAFARMA GENERICO
67;"PIPERA+TAZOB 4G+0,5G PO LIOF";LIOF;250;NOVAFARMA GENERICO
68;AMICACINA 500MG SOL INJ AMP 2ML CX/50;2ML CX/50;20;NOVAFARMA GENERICO
69;CLINDAMICINA 600MG SOL INJ AMP 4ML;4ML;20;NOVAFARMA GENERICO
73;GENTAMICINA(GENTAMICIN) 80MG;80MG;1000;NOVAFARMA
79;PETIVIT BC XPE FR 240ML;FR 240ML;30;BRASTERAPICA
90;AGUA OXIGENADA 10 VOL 1 LT;1 LT;12;RIOQUIMICA
92;"ALCOOL IODADO 0,1% 1LT";1LT;12;RIOQUIMICA
93;DETERGENTE. ENZ. IV NEUTRO RIOZYME 5L;RIOZYME 5L;4;RIOQUIMICA
95;GLUTARON PRONTO USO 5 LT;5 LT;4;RIOQUIMICA
97;SABONETE NEUTR 1L C/ GLICERINA RIOMAX;RIOMAX;12;RIOQUIMICA
98;REMOVEX - REMOV DE CURATIVO 1L ETER;1L ETER;12;RIOQUIMICA
101;RIOHEX 2% C/ TENSOATIVO 1L CLOREXIDINA;CLOREXIDINA;12;RIOQUIMICA
102;"RIOHEX 0,5% 1L SOL ALCOOL CLOREXIDINA";CLOREXIDINA;12;RIOQUIMICA
103;PVPI RIODEINE DEGERMANTE SUAVE LT;LT;12;RIOQUIMICA
104;ALCOOL ANTISSEP 740GR REFIL RIOGEL;RIOGEL;6;RIOQUIMICA
105;PVPI  RIODEINE DERMO SUAVE TOPICO LT;TOPICO LT;12;RIOQUIMICA
115;ACIDOS GRAXOS ESS.DERMANI-AGE 200ML;200ML;12;KELLDRIN
117;IBUPROFENO 600MG GEN CX C/500 CP;CX C/500 CP;6000;PRATI GENERICO
119;"ATADURA CREPE 13F 10X1,8M PCT C/12";PCT C/12;50;NEVE
121;"ATADURA CREPE 13F 15X1,8M PCT C/12";PCT C/12;30;NEVE
124;"ATADURA CREPE 13F 20X1,2M PCT C/12";PCT C/12;35;NEVE
126;ATADURA GESSADA 15X3M CX C/20;CX C/20;20;NEVE
132;CURATIVO ALGOD. 10X15CM;10X15CM;150;NEVE
133;CURATIVO ALGOD. 15X30CM;15X30CM;120;NEVE
136;GLICOSE 50% SOL INJ 10ML SORO;SORO;200;FARMACE
137;GLICO-FISIOLOGICO 1:1 500ML SORO;SORO;24;FARMACE
139;"ATROPINA(ATROFARMA) 0,25MG/ML SOL INJ 1ML";SOL INJ 1ML;5000;FARMACE
140;FUROSEMIDA(FUROSEFARMA) 10MG CX C/50AMP;CX C/50AMP;3000;FARMACE
141;METOCLOPRAMIDA(METROFARMA) 5MG /ML INJ 2ML;/ML INJ 2ML;5000;FARMACE
142;"BICARBONATO DE SODIO INJ 8,4% 10ML";10ML;1200;FARMACE
150;LUVA PROCEDIMENTO M C/100 SUPERMAX;SUPERMAX;10;SUPERMAX
152;BICARBONATO DE SODIO INJ 10% 10ML;10ML;1200;FARMACE
153;DICLOF.SODIO(DICLOFARMA) 25MG/ ML INJ 3ML;ML INJ 3ML;3200;FARMACE
154;ACIDO ASCORBICO 100MG/ML C/5ML VITAMINA C;VITAMINA C;2000;FARMACE
155;"CLOR DE SODIO 0,9% 500ML SORO";SORO;24;FARMACE
157;CLOR DE POTASSIO 10% SOL INJ. 10ML;10ML;200;FARMACE
158;RANITIDINA 25MG/ML SOL INJ 2ML GEN;2ML GEN;5000;FARMACE GENERICO
160;GLICOSE 25% SOL INJ SORO 10ML;10ML;200;FARMACE GENERICO
162;AMINOFILINA 24MG/ML AMP 10ML;10ML;1200;FARMACE GENERICO
163;"DEXA+FOSF+SODICO 4MG AMP 2,5ML FARMACE";FARMACE;3200;FARMACE GENERICO
166;AVENTAL DESC. SEM MANGA;SEM MANGA;25;TAYNETEX
167;FRONHA TAMANHO PADRAO GR 30;GR 30;25;TAYNETEX
182;AVENTAL DESC. S/ MANGA AZUL;AZUL;25;TAYNETEX
201;ACETILCISTEINA 40MG/ML XPE AD 120MLCISTEIL;120MLCISTEIL;24;GEOLAB
244;TERMOMETRO CLINICO DIGITAL BRA C/DISPL;C/DISPL;24;INCOTERM
247;TERMOMETRO VACINA HASTE FLEX 7000;7000;1;INCOTERM
251;SULFADIAZINA DE PRATA CR 400G GEN;GEN;24;PRATI GENERICO
252;PREDNISOLONA 3MG/ML PL 100ML GEN;GEN;50;PRATI GENERICO
253;CLOR DE POTASSIO 60MG/100ML IONCLOR;IONCLOR;50;PRATI
267;"BROMETO  IPRATROPIO 0,25 20ML GEN";GEN;200;PRATI GENERICO
268;FENOTEROL BRD 5MG/ML C/ 20ML GEN;GEN;200;PRATI GENERICO
271;NISTATINA+OXIDO DE ZINCO POM 60G GEN;60G GEN;50;PRATI GENERICO
283;SERINGA DESC.10ML C/AG 25X7 LUER-LOCK;LUER-LOCK;400;BD
299;NITROPRUSSIATO NITROP 25MG/ML 1X2M;25MG/ML 1X2M;50;HYPOFARMA
302;SULF+TRIMET(BAC-SULFITRIN) INJ 50AMP C/5ML;50AMP C/5ML;400;NEO QUIMICA
346;POLIMIXINA-B 500.000 UI C/5 FR AMPOLA;AMPOLA;100;EUROFARMA GENERICO
348;METARAMINOL ARAMIN 10MG/ML 50 AMP 1ML;50 AMP 1ML;50;CRISTALIA
350;FENILEFRIN 10MG/ML  INJ 1ML CX C/50 AMP;CX C/50 AMP;50;CRISTALIA
351;EFEDRIN (D1) 50MG/ML INJ 1ML C/ 100 AMP;C/ 100 AMP;100;CRISTALIA
352;DEXTROCETAMINA(C1)S(+) 50MG/ML C/5 KETAMIN;C/5 KETAMIN;5;CRISTALIA
353;DIFENIDRAMINA 50MG/ML 1ML C/25 DIFENIDRIN;DIFENIDRIN;25;CRISTALIA
354;"NALOXONA(C1) 0,4MG/ML 10X1ML NARCAN";NARCAN;10;CRISTALIA
355;NUBAIN 10MG/ML (A2) INJ 10 AMP 1ML;10 AMP 1ML;10;CRISTALIA
356;"FENTANEST(A1) 0,05MG/ML SOL 25 AMP 5ML";25 AMP 5ML;25;CRISTALIA
360;DEXTROCETAMINA(C1)S(+)50MG/ML C/25 KETAMIN;C/25 KETAMIN;25;CRISTALIA
361;"MORFINA(A1)DIMORF 0,2MG/ML 50 AMP 1ML EST";AMP 1ML EST;12;CRISTALIA
363;MIDAZOLAM(B1) INJ.1MG/ML 50 X 5ML DORMIRE;5ML DORMIRE;50;CRISTALIA
364;MIDAZOLAM(B1) INJ.5MG/ML 10ML DORMIRE;10ML DORMIRE;50;CRISTALIA
371;COLETOR DE URINA 2000ML S. ABT;ABT;4000;MAXICOR
372;ELETRODO DESC.P/MONITORIZACAO SF02  UN;SF02  UN;1800;MAXICOR
374;EQUIPO MACROGOTAS C/ INJETOR LATERAL;LATERAL;350;TKL
375;SERINGA DES.3ML S/AG LUER SLIP;LUER SLIP;3600;TKL
376;SERINGA DES.5ML S/AG SLIP TKL;TKL;100;TKL
377;SERINGA DES.10ML S/AG LUER SLIP;LUER SLIP;1200;TKL
383;PROPOVAN(C1) 10MG/ML PROPOFOL C/ 5 10ML;C/ 5 10ML;5;CRISTALIA
392;SEVOCRIS (C1) INALANTE 1FRA 100ML;100ML;30;CRISTALIA
394;"ROPIVACAINA INJ 7,5MG/ML 20ML CX C/5";CX C/5;5;CRISTALIA
398;LIDOCAINA 10% SPRAY XYLESTESIN 50ML;50ML;96;CRISTALIA
400;"NEOCAINA 0,5% C/V SOL INJ 10 AMP 20ML EST";AMP 20ML EST;10;CRISTALIA
401;"NEOCAINA 0,5% S/V SOL INJ 10 AMP 20ML EST";AMP 20ML EST;10;CRISTALIA
404;LIDOCAÍNA 1% S/V 20ML XYLESTES CX C/10;CX C/10;10;CRISTALIA
407;"NOVABUPI 0,5% C/V SOL INJ 10FR AMP 20ML";AMP 20ML;10;CRISTALIA
408;"NOVABUPI 0,5% ISOBARICA SOL INJ 4ML";INJ 4ML;300;CRISTALIA
411;"NEOCAINA 0,5% ISOBARICA SOL AMP 4ML EST";AMP 4ML EST;40;CRISTALIA
419;NITROGLICERINA TRIDIL 5MG/ML 10ML C/10AMP;10ML C/10AMP;10;CRISTALIA
421;METADONA(A1) 10MG C/20 MYTEDOM;MYTEDOM;30;CRISTALIA
422;METADONA(A1) 10MG/ML 10 X 1ML MYTEDOM;MYTEDOM;10;CRISTALIA
423;ONDANSETRONA INJ.2MG/ML 50X2ML NAUSEDRON;NAUSEDRON;2000;CRISTALIA
424;ONDANSETRONA INJ 8MG/4ML NAUSEDRON;NAUSEDRON;1800;CRISTALIA
425;ONDANSETRONA 8MG CX C/10 COMP NAUSEDRON;NAUSEDRON;1;CRISTALIA
429;PROMETAZINA 25MG 20BL X 10 PAMERGAN;PAMERGAN;200;CRISTALIA
431;ETOMIDATO (C1) 2MG/ML SOL INJ 25AMP 10ML;25AMP 10ML;25;CRISTALIA GENERICA
434;CETOPROFENO 50MG/ML IM 2ML CX.C/48 AMP;CX.C/48 AMP;48;CRISTALIA GENERICA
435;XYLESTESIN 5% PESADA SOL INJ 50 AMP 2ML;50 AMP 2ML;50;CRISTALIA
447;DEXCLORFENIRAMINA 2MG CX.C/20 HYSTIN;HYSTIN;60;GEOLAB
513;RINGER COM LACTATO 500 ML-SF SPGV-SF;SPGV-SF;24;EQUIPLEX
587;ACIDO ACETILSALICILICO 100MG C/30 CP INF;C/30 CP INF;30;EMS GENERICO
592;ATORVASTATINA CALCICA 10MG C/30;C/30;1440;EMS GENERICO
593;CLOPIDOGREL BISSULFATO 75MG CX C/14;CX C/14;672;EMS GENERICO
595;PANTOPRAZOL  20MG CX C/14;CX C/14;14;EMS GENERICO
603;"CARVEDILOL 3,125MG COM GEN CX C/30";CX C/30;1440;EMS GENERICO
605;CARVEDILOL 25MG CARVEDILAT CX C/ 30;CX C/ 30;1800;EMS
607;ACIDO TRANEXAMICO 250MG C/24 HEMOBLOCK;HEMOBLOCK;24;EMS
608;ACIDO TRANEXAMICO 250MG/5ML HEMOBLOCK;HEMOBLOCK;50;EMS
609;LACTULOSE XP AMEIXA 667MG/ML INLACT;INLACT;60;EMS
612;"LUVA CIR NEW HAND 8,0 LEMGRUBE CX C/200";CX C/200;200;LEMGRUBER
613;AZITROMICINA 500MG COMP CX C/ 3;CX C/ 3;3;EMS GENERICO
614;RANITIDINA 150MG/10ML XPE 120ML;120ML;60;EMS GENERICO
616;ISOSSORBIDA 10MG 2BLX15 ISORDIL;ISORDIL;1800;EMS
627;BUTIL BR ESCOPO 10MG/ML 20ML G GENERICO;GENERICO;100;PRATI GENERICO
628;CIPROFLOXACINO 500MG GENERICO;GENERICO;6000;PRATI GENERICO
639;VASELINA SOLIDA POM 30G BISNAGA;BISNAGA;48;RIOQUIMICA
640;VASELINA LIQUIDA 1L OLEO VASELIN;OLEO VASELIN;12;RIOQUIMICA
641;AMICACINA 100MG/2ML GENERICO;GENERICO;50;NOVAFARMA GENERICO
642;ACICLOVIR SOD 250MG INJ AMP ZYNVIR;AMP ZYNVIR;5000;NOVAFARMA
643;AC. ACETILSALICILICO 100MG C/32SOMALGIN;C/32SOMALGIN;48;E M S
644;"ALPRAZOLAM(B1) 0,5MG C/30 COMP GEN";GEN;60;EMS GENERICO
647;TORAGESIC 10MG  C/10 SUBL CP SUBL;SUBL;100;EMS
649;"FENTANEST(A1) 0,05MG/ML 2ML CX C/50";CX C/50;50;CRISTALIA
659;ACICLOVIR 250MG PO LIOF IV C/ 50AMP GEN;50AMP GEN;50;TEUTO GENERICO
663;BROMOPRIDA 5MG/2ML CX.100 AMP 2ML GEN;2ML GEN;100;HIPOLABOR GENERICO
664;CLINDAMICINA 600MG/4ML CX 100 AMP 4ML GEN;AMP 4ML GEN;2000;HIPOLABOR GENERICO
666;NOREPINEFRINA 8MG/4ML CX 50AMP C/4ML GEN;C/4ML GEN;2000;HIPOLABOR GENERICO
668;FENITOINA(C1)SOD 50MG/ML AMP 5ML GEN;AMP 5ML GEN;100;HIPOLABOR GENERICO
670;MIDAZOLAM(B1) INJ.5MG/ML 100 AMP 10ML GEN;AMP 10ML GEN;1000;HIPOLABOR GENERICO
673;TRAMADOL(A2) 50MG/ML AMP 2ML GEN;AMP 2ML GEN;2000;HIPOLABOR GENERICO
678;LIDOCAINA 2% ISOB 5ML XYLESTES CX C/ 50;CX C/ 50;50;CRISTALIA
689;ESCOPOLAMINA+DIP 20MG/5ML INJ AMP 5ML;AMP 5ML;2000;HIPOLABOR GENERICO
698;CIPROFLOXACINO 2MG/ML BOLSA 100ML GEN;100ML GEN;60;ISOFARMA
699;FLUCONAZOL 2MG/ML BLS 100ML GEN;GEN;60;ISOFARMA
703;METOCLOPRAMIDA-NOPROSIL 5MG/ML 240 AMP 2ML;240 AMP 2ML;240;ISOFARMA
707;SUPLEM VITAMINICO ORTRICAL-D C/60 COMP;C/60 COMP;1;LAPON
708;LUVA PROCEDIMENTO M C/100 DESCARPACK;DESCARPACK;20;DESCARPACK
709;"CLORETO DE SODIO 0,9% 10ML C/200 SORO";C/200 SORO;4000;ISOFARMA
710;GLICOSE 50% 10ML  AMP SORO;SORO;200;ISOFARMA
729;ISOFLURANO(C1) FR GEN C/ 100ML;C/ 100ML;25;BIOCHIMICO GEN
730;SEVOFLURANO(C1) FR GEN C/ 250 ML;C/ 250 ML;25;BIOCHIMICO GEN
732;SIMETICONA 75MG/ML GTS GEN C/ 10ML;C/ 10ML;200;HIPOLABOR
733;"DEXAMETASONA+FOSF+SODICO 4MG AMP 2,5ML";"AMP 2,5ML";2000;HIPOLABOR GENERICO
735;SUPLEM VITAMINICO ALLMAG C/60 CAPS;C/60 CAPS;1;LAPON
739;EPINEFRINA 1MG/ML C/100AMP CX 100;CX 100;100;HIPOLABOR
747;FENTANILA(A1) 50MCG/ML C/50AMP 10ML;10ML;1000;HIPOLABOR GENERICO
748;"BROMETO  IPRATROPIO 0,25 20ML GEN";GEN;200;HIPOLABOR FARMACEUTICA
751;COLETOR DE URINA 2000ML S.FECH PCT C/ 01;PCT C/ 01;100;STARMED
779;SONDA ASP.TRAQUEAL Nº10 C/10 UND;C/10 UND;10;BIOSANI
801;AMINOFILINA 24MG/ML INJ C/50 AMP 10ML GEN;AMP 10ML GEN;50;TEUTO GENERICO
805;ERITROMICINA 500MG CPS;CPS;420;PRATI GENERICO
807;RANITIDINA 25MG/ML SOL INJ 2ML C/120 GEN;C/120 GEN;96;TEUTO GENERICO
844;LACTO-VAGIN 150 ML;150 ML;1;UCI FARMA
1131;ETILEFRINA 10MG/ML AMP 1ML ETILEFRIL;ETILEFRIL;288;UNIAO QUIMICA
1133;MIDAZOLAM 5MG/ML C/5AMP 3ML GEN;3ML GEN;240;UNIAO QUIMICA GENERICO
1134;NAUSICALM-B6 50MG AMP 1ML;1ML;50;UNIAO QUIMICA
1135;"NEOSTIGMINA 0,5MG/ML C/50 AMP NORMASTIG";NORMASTIG;50;UNIAO QUIMICA
1140;"CLONAZEPAM(B1) 2,5MG/ML 20ML UNI CLONAZEP";UNI CLONAZEP;1;UNIAO QUIMICA
1182;SACCHAROMYCES 200MG C/06 CAPS REPOFLOR;REPOFLOR;100;LEGRAND
1267;PHOSFOENEMA ENEMA C/130ML;C/130ML;12;CRISTALIA
1309;CEFALEXINA 250MG/5ML PO SUSP 60ML C/50FR;60ML C/50FR;50;TEUTO GENERICO
1310;DOPAMINA HCL 5MG/ML INJ CX..50 10ML GEN;10ML GEN;50;TEUTO GENERICO
1311;ACIDO ASCORBICO(CEVITA) INJ VITAMINA-C;VITAMINA-C;720;TEUTO
1332;LIDOCAINA 2% S/V CX C/25 FR 20ML GEN;20ML GEN;2000;HIPOLABOR GENERICO
1412;BETAMETASONA 1ML-DUOFLAM CX C/24;CX C/24;100;CRISTALIA
1491;DEXAMETASONA+FOSF+SODICO 2MG AMP 1ML;AMP 1ML;2000;HIPOLABOR GENERICO
1552;TERMOMETRO CLINICO OVAL ENCARTELADO;ENCARTELADO;24;INCOTERM
1554;SONDA DE FOLEY N:14 2 VIAS CX C/10;CX C/10;50;SOLIDOR
1555;SONDA ASP.TRAQUEAL Nº 04;Nº 04;10;MARK MED
1557;SERINGA DES.5ML S/AG SLIP SR;SR;500;SR
1559;"TIMOLOL 0,5% SOL.OFT GEN";GEN;1;NEO QUIMICA GEN
1567;"CEFEPIMA,CLORIDRATO PO INJ 1G";1G;300;BIOCHIMICO GEN
1572;ONDANSETRONA INJ.8MG/4ML C/100 AMP;C/100 AMP;2000;HIPOLABOR GENERICO
1573;GENTAMICINA 80MG/2ML C/100 AMP 2ML GEN;2ML GEN;2000;HIPOLABOR GENERICO
1575;FLUCONAZOL 2MG/ML 100ML GEN CX C/6 BLS;CX C/6 BLS;12;CRISTALIA GENERICA
1576;LEVOFLOXACINO 5MG/ML SOL INJ LEVOTAC CX/6;LEVOTAC CX/6;12;CRISTALIA
1579;ALGODAO HIDROFILO TIPO A 500G;500G;20;NATALYA
1592;"COMP DE GAZE EST. 11F 7,5X7,5 PCT C/ 10";PCT C/ 10;800;AMERICA
1593;"AGULHA HIPODERMICA 25X0,70 EST C/100 UND";C/100 UND;10000;DESCARPACK
1599;EQUIPO LUER SLIP MACROGOTA INJ;INJ;500;DESCARPACK
1600;SERINGA DES.5ML S/AG LUER LOCK;LUER LOCK;100;DESCARPACK
1607;"ATADURA CREPE 13F 20X1,2M PCT C/12";PCT C/12;60;MDA
1618;MASCARA N95 TIPO BICO DE PATO  UN; UN;160;DESCARPACK
1619;SERINGA DES.10ML S/AG LUER LOCK;LUER LOCK;250;SR
1624;AMOXICILINA+CLAV DE POT 500MG C/18 COMP;C/18 COMP;36;EMS GENERICO
1637;METOCLOPRAMIDA 4MG/ML 10ML GEN;10ML GEN;96;MARIOL GENERICO
1638;BROMOPRIDA 4MG/ML SOL C/20ML GEN;GEN;96;MARIOL GENERICO
1659;"DIGOXINA 0,05MG/ML C/60ML";C/60ML;50;PRATI GENERICO
1667;PANCURONIO 2MG/ML INJ GEN 2ML CX C/ 50 AMP;CX C/ 50 AMP;1;NOVAFARMA GENERICO
1668;"ATRACURIO (BESILATO) 10MG/ML  2,5ML";" 2,5ML";1;NOVAFARMA GENERICO
1678;LAMINAS DE BISTURI DESC Nº 10;Nº 10;5000;LAMEDID
1683;PENICILINA BENZ 1.200.000UI G C/50 BEPEBEN;C/50 BEPEBEN;50;TEUTO
1685;ABAIXADOR DE LINGUA - THEOTO PCT C/100;PCT C/100;50;THEOTO
1687;CATETER PERIFERICO IV 16G;16G;1000;DESCARPACK
1688;COLETOR DE MAT PERF CORTANTE 20LT;20LT;20;DESCARPACK
1697;KIT PAPANICOLAU TAMANHO P;P;200;ADLIN
1699;FUROSEMIDA INJ 20MG/2ML C/100 FUROSANTISA;FUROSANTISA;3000;SANTISA
1710;AZITROMICINA DIIDRAT 500MG 150X3 COMP;150X3 COMP;1;PRATI GENERICO
1712;PANTOPRAZOL SOD. SESQU-HIDR40 MG C/28 COMP;MG C/28 COMP;56;EMS GENERICO
1714;MASCARA DESC. TP C/ ELASTICO CX C/50;CX C/50;150;DESCARPACK
1717;"SALBUTAMOL 0,5MG/ML 1ML  C/100 AMP"; C/100 AMP;100;HIPOLABOR GENERICO
1718;SULFADIAZINA DE PRATA GENERICO  POM 30G; POM 30G;100;PRATI GENERICO
1719;CEFEPIMA 2G PO INJ C/50AMP CLOCEF;CLOCEF;50;TEUTO
1721;FITOMENADIONA 10MG/ML AMP 1ML CX C/ 50 AMP;CX C/ 50 AMP;50;HIPOLABOR
1734;CEFOTAXIMA SOD 500MG INJ C/50 AMP CETAZIMA;AMP CETAZIMA;50;NOVAFARMA
1738;TROCATER COMPLETO 11/10MM C/ REDUTOR;REDUTOR;20;AMERICAN INSTRUMENTS
1744;"CAPTOPRIL 12,5MG COMP";COMP;12000;MARIOL GENERICO
1758;CETOPROFENO 50MG C/24 CAPS;C/24 CAPS;60;EMS GENERICO
1759;DOMPERIDONA 10MG C/30 COMP;C/30 COMP;60;EMS GENERICO
1771;TROCATER COMPLETO 10/5MM SIRIUS;SIRIUS;16;AMERICAN INSTRUMENTS
1774;OLEO MINERAL 100ML LAXENOL UND;UND;50;NATULAB
1782;FITOMENADIONA 10MG/ML C/50AMP 1ML VITA-K;1ML VITA-K;50;UNIAO QUIMICA
1784;ESTRIOL 1MG/G CR.VAGINAL CX C/ 50 FR;CX C/ 50 FR;50;NEO QUIMICA
1789;"MORFINA(A1)DIMORF 1,0MG/ML 50 AMP 2ML EST";AMP 2ML EST;1;CRISTALIA
1803;SERINGA DES.5ML S/AG LUER LOCK;LUER LOCK;500;SR
1808;CLOR DE SODIO 20% - 10ML C/200;C/200;1;ISOFARMA
1810;"CLOR DE SODIO 0,9% 250ML";250ML;48;FRESENIUS
1816;KIT PAPANICOLAU TAMANHO G;G;200;ADLIN
1819;ALPRAZOLAM (B1) 1MG C/30 COMP GEN;GEN;60;EMS GENERICO
1820;"CARVEDILOL 6,25MG C/30 COMP GEN";GEN;1440;EMS GENERICO
1821;"CLONAZEPAM (B1) 2,5MG/ML 20ML GEN";20ML GEN;100;EMS GENERICO
1822;AMITRIPTILINA(C1) 25MG C/30 COMP GEN;COMP GEN;60;EMS GENERICO
1825;CLOR DE SODIO 9MG/ML C/50ML NASOJET;NASOJET;50;NATULAB
1837;PERMETRINA 1% 10MG/ML C/60ML PIOSAN;PIOSAN;62;BELFAR
1847;SERINGA DESC 20ML S/AG LUER LOCK;LUER LOCK;250;SR
1851;SERINGA DES.3ML S/AG LUER LOCK;LUER LOCK;500;SR
1852;SERINGA DESC P/INSUL 1ML S/AG LUER SLIP;LUER SLIP;500;SR
1853;SULF 400MG+TRIMETROPRIMA 80MG C/20 COMP;C/20 COMP;1;BELFAR GEN
1857;MORFINA(A1)DIMORF 30MG C/50 COMP;COMP;4;CRISTALIA
1860;RISPERIDONA(C1) 2MG C/200 CP RISPERIDON;RISPERIDON;1;CRISTALIA
1863;FRISIUM(B1) 20MG C/20 COMP;COMP;1;SANOFI AVENTIS
1865;SEVOFLURANO(C1) FR GEN C/ 100ML;C/ 100ML;25;BIOCHIMICO GEN
1871;"SERINGA DESC 1ML C/AG LUER SLI 13X4,5";"13X4,5";500;SR
1873;AMOXICILINA 250MG/5ML C/ 150ML;C/ 150ML;50;PRATI GENERICO
1877;CARBAMAZEPINA(C1) 200MG C/20 COMP GEN;COMP GEN;60;EMS GENERICO
1880;ESCOPOLAMINA+DIPIRONA C/600 CP ESPAFIN;ESPAFIN;1;PRATI
1883;DICLOF.DIETILAMONIO GEL C/60G DICLOFAN;DICLOFAN;42;SOBRAL
1887;EFEDRINA 50MG/ML IM/IV/SC 1ML C/50 AMP;C/50 AMP;50;HIPOLABOR GENERICO
1889;ACIDO TRANEXAMICO 50MG/ML 100AMP 5ML;100AMP 5ML;200;HIPOLABOR GENERICO
1894;NITROFURANTOINA 100MG C/280 CPS GEN;CPS GEN;1;TEUTO GENERICO
1899;IMIPRAMINA (C1)25MG C/200 COMP IMIPRA;IMIPRA;1;CRISTALIA
1907;SULF FERROSO 250MG SULFERBEL CX C/50 COMP;CX C/50 COMP;1;BELFAR
1911;CLAMP UMBILICAL SR;SR;300;SR
1912;HIDROCLOROTIAZIDA 50MG C/20 COMP GEN;COMP GEN;60;EMS GENERICO
1914;ALOPURINOL 100MG COMP GEN CX C/ 600;CX C/ 600;1;PRATI GENERICO
1917;DICLOFENACO SOD.75MG C/50 AMP 3ML GEN;3ML GEN;1;NOVAFARMA GENERICO
1918;FASTFEN(A1) 50UG/ML C/10 AMP 5ML SUFENTAN;5ML SUFENTAN;10;CRISTALIA
1920;FASTFEN(A1) 5UG/ML C/30 AMP 2ML SUFENTAN;2ML SUFENTAN;30;CRISTALIA
1921;CLOMIPRAMINA(C1)25MG C/20 COMP GEN;GEN;1200;EMS GENERICO
1939;ESTRIOL 1MG/G CR.VAGINAL C/50G +APL GEN;#NAME?;1;NEO QUIMICA GEN
1940;BRIMONIDINA SOL OFT 2MG/ML 5ML GEN;5ML GEN;1;NEO QUIMICA GEN
1942;GLUTARON PRONTO USO 1 LT;1 LT;12;RIOQUIMICA
1956;FUROSEMIDA 10MG/ ML INJ 2ML C/60 AMP GEN;C/60 AMP GEN;840;TEUTO GENERICO
1961;SAIS P/REIDRA ORAL PO ENV HIDRAPLEX;HIDRAPLEX;500;NATULAB
1962;METOCLOPRAMIDA 5MG /ML INJ 2ML C/120 AMP;C/120 AMP;1;TEUTO GENERICO
1970;CATETER IV 18G ESTERIL C/100;C/100;100;MEDGOLDMAN
1971;SERINGA DES.10ML C/AG LUER SLIP;LUER SLIP;250;SR
1973;"SERINGA DESC 5ML C/AG 25X0,7 LUER SLIP";LUER SLIP;500;SR
1974;AMOXICILINA 500MG COMP GEN CX C/ 500;CX C/ 500;1;TEUTO GENERICO
1975;"ESPARADRAPO 5CMX4,5M MISSNER";MISSNER;96;MISSNER
1976;"MICROPORE 2,5CMX10M MISSNER";MISSNER;98;MISSNER
1979;SERINGA DES.3ML C/AG 25X7 FIXA LUER SLIP;LUER SLIP;500;SR
1980;COLETOR DE URINA 2000ML S/ ABERTO;ABERTO;5000;SEGMED
1981;CAMPO OPERATORIO RX PREMIUM 25X28CM;25X28CM;70;AMERICA
1982;"COMP DE GAZE ROLO 0,91,X91 C/09 FIOS";C/09 FIOS;14;AMERICA
1983;AMPICILINA+SULBACTAM 2G+ 1G;1G;20;NOVAFARMA GENERICO
1984;SERINGA DESC 20ML S/ AG LUER SLIP;LUER SLIP;250;SR
1985;SERINGA DES. 10ML S/AG LUER SLIP;LUER SLIP;250;SR
1986;"RIOHEX 0,5% 1L SOL ALCOL. AZUL CLOREXIDINA";CLOREXIDINA;12;RIOQUIMICA
1988;SIMETICONA 75MG/ML GT LUFTAL C/ 15ML;C/ 15ML;1;BRISTOL MYRES
1990;SONDA EST LONGA Nº 20 NASOGASTRICA;NASOGASTRICA;200;BIOSANI
1992;CEFEPIMA CLORIDRATO 2G GEN CX C/50 F/A;CX C/50 F/A;300;BIOCHIMICO GEN
1994;PINCA CHERON DES.ESTERIL VAGISPEC;VAGISPEC;200;ADLIN
1998;SONDA P/NUTRICAO ENTERAL PU 12 FR 120CM;FR 120CM;15;SOLUMED
2000;FRALDA INFANTIL - G C/08 UND;C/08 UND;24;DRY
2001;FRALDA GERIATRICA - G PCT C/8;PCT C/8;10;MARDAM
2007;COLETOR DE MAT PERF CORTANTE 13LT;13LT;20;DESCARPACK
2008;ISOSSORBIDA 40MG C/30 CINCORDIL;CINCORDIL;1800;EMS
2016;"ENOXAPARINA SD SER 20MG 0,2ML C/6 VERSA";C/6 VERSA;150;EUROFARMA
2020;BUPROPIONA(C1) 150MG C/30 COMP BUPIUM;BUPIUM;1800;SIGMA PHARMA
2021;ESCITALOPRAM(C1) 10MG COMP ESCILEX;ESCILEX;1800;SIGMA PHARMA
2022;ESCITALOPRAM(C1) 20MG COMP ESCILEX;ESCILEX;1800;SIGMA PHARMA
2023;NISTATINA+OXIDO DE ZINCO POM 60G GEN;60G GEN;56;EMS GENERICO
2024;OMEPRAZOL 20MG  COMP GEN;GEN;840;EMS GENERICO
2025;PARACETAMOL 200MG/ML GTS C/ 15ML GEN;15ML GEN;100;EMS GENERICO
2027;SIMETICONA 75MG/ML GTS C/15ML GEN;GEN;100;EMS GENERICO
2028;TOPIRAMATO(C1) 100MG COMP GEN;GEN;1;EMS GENERICO
2029;TOPIRAMATO(C1) 25MG  COMP GEN;GEN;1;EMS GENERICO
2030;TOPIRAMATO(C1) 50MG COMP GEN;GEN;1;EMS GENERICO
2031;VENLAFAXINA(C1) 150MG C/30COMP VENFORIN;VENFORIN;1;SIGMA PHARMA
2032;VENLAFAXINA(C1) 75MG C/30COMP VENFORIN;VENFORIN;1800;SIGMA PHARMA
2034;"ENOXAPARINA SD SER 60MG 0,6ML C/2 VERSA";C/2 VERSA;50;EUROFARMA
2035;AMOXICILINA 500MG C/30 COMP GEN;GEN;1800;EMS GENERICO
2036;MIDAZOLAM(B1)INJ.50MG/10ML C/ 5AMP 10ML;5AMP 10ML;5;EUROFARMA GENERICO
2037;ACIDO ASCORBICO 200MG/ML C/20 ML VITER-C;ML VITER-C;50;NATULAB
2040;"ACIDO FOLICO 0,2MG C/30 ML AFOLIC";AFOLIC;100;NATULAB
2044;CETOPROFENO 100MG IV PO INJ C/50 AMP;C/50 AMP;1;EUROFARMA GENERICO
2045;SONDA EST LONGA Nº 10 NASOLONGA;NASOLONGA;200;BIOSANI
2046;SONDA NASO LONGA Nº04 C/2 ORIF  LATERAL; LATERAL;200;BIOSANI
2050;BROMAZEPAM(B1) 6MG COMP GEN CX C/30;CX C/30;60;EMS GENERICO
2061;FENOBARBITAL(B1)200MG/ML C/60 IM CARBITAL;IM CARBITAL;720;TEUTO
2063;LIDOCAINA 20MG/G GELEIA 30G CX C/ 100;CX C/ 100;100;HIPOLABOR GENERICO
2064;CEFEPIMA 1G PO INJ C/50AMP CLOCEF;CLOCEF;50;TEUTO
2065;ALCOOL ANTISSEP 430G FLIP TOP RIOGEL;RIOGEL;24;RIOQUIMICA
2070;MEDROXIPROGESTERONA 10MG C/5 ACETOFLU;C/5 ACETOFLU;300;EMS
2071;NISTATINA SUSP ORAL C/50ML GEN;GEN;1;EMS GENERICO
2072;RIFAMICINA SV  SPRAY 10MG FR C/ 20ML;FR C/ 20ML;60;EMS GENERICO
2082;SONDA P/NUTRICAO ENTERAL PU 8 FR 100CM;FR 100CM;20;SOLUMED
2083;AMICACINA 250MG/ML SOL INJ 2ML CX C/50;CX C/50;50;TEUTO GENERICO
2084;SONDA P/NUTRICAO ENTERAL PU 6FR 60CM;6FR 60CM;30;SOLUMED
2087;SERINGA DESC 3ML C/AG 25X07 EST C/TRAVA;EST C/TRAVA;1200;MEDGOLDMAN
2088;LIDOCAINA 100MG/ML SPRAY GEN C/ 50ML;C/ 50ML;126;HIPOLABOR GENERICO
2089;ALCOOL ANTISSEP 430G PUMP 70% RIOGEL;70% RIOGEL;12;RIOQUIMICA
2090;SUPORTE INOX P/ FRASCO PUMP 500ML;500ML;1;RIOQUIMICA
2091;CONTRACEP SUSP INJ IM 150MG/ML 1ML C/1AMP;1ML C/1AMP;50;EMS
2092;LIDOCAÍNA 2% GEL 100MG/5G LIDOGEL 30G;LIDOGEL 30G;50;NEO QUIMICA
2096;"MIDAZOLAM 7,5MG C/20 CP REVEST DORMONID";DORMONID;20;ROCHE
2098;TRAMADOL (A2) 50MG CX C/ 100 TRAMADON;TRAMADON;100;CRISTALIA
2099;SERINGA DES. 3ML S/AG LUER SLIP;LUER SLIP;500;SR
2100;"AGULHA HIPODERMICA 0,8X25 21G EST";EST;5000;SR
2102;AGULHA HIPODERMICA 45X13 EST 26GX1/2;26GX1/2;5000;SR
2103;"AGULHA HIPODERMICA 0,8X30 EST 21GX1/4";21GX1/4;5000;SR
2106;COLETOR DE URINA 2000ML EST S.FECHADO;S.FECHADO;100;MEDGOLDMAN
2109;MANITOL 20% 250ML SOL INJ SISTEMA FECH;SISTEMA FECH;50;FARMACE
2113;CONJ DESC ASSIS LI ARTERIA 6MM  BOMBA 02 S; BOMBA 02 S;55;PRONEFRO
2114;CONJ DESC ASSIT LINHA ARTERIAL 8MM 18 S;8MM 18 S;48;PRONEFRO
2115;CONJ DESC CIRC ASSIST   4 S LINHA VENOSA;LINHA VENOSA;48;PRONEFRO
2116;CONECTOR TAMPA GVS LUER LOCK;LUER LOCK;2000;PRONEFRO
2117;OXIGENADOR MEMBRANA ISOLADOR PRESSÃO;PRESSÃO;1000;PRONEFRO
2118;GENTAMICINA 80MG 2ML AMP GENTAMISAN;GENTAMISAN;3000;SANTISA
2119;ESPECULO VAG  DESC P.E N/LUB ESTERIL;ESTERIL;216;ADLIN
2126;RIOHEX 2% C/TENSOATIVO ALM 100ML;100ML;30;RIOQUIMICA
2127;ALCOOL 70%  ANTISSEPTICO 100ML RIOALCOOL;RIOALCOOL;30;RIOQUIMICA
2128;"ENOXAPARINA 60MG/0,6ML C/2SG CUTENOX SUB";CUTENOX SUB;120;BIOCHIMICO
2129;GLICERINA 12% 500ML ESTERIL;ESTERIL;25;HALEX ISTAR
2132;FLUCONAZOL 2MG/ML IV SF GEN 100ML;100ML;60;HALEX ISTAR
2133;CIPROFLOXACINO 2MG/ML SF GEN 200ML;200ML;40;HALEX ISTAR
2136;RINGER COM LACTATO 500ML SF;SF;30;HALEX ISTAR
2137;GLICOFISIOLOGICO 500ML SF  BOLSA; BOLSA;30;HALEX ISTAR
2138;GLICOSE 5% 500ML SF;SF;30;HALEX ISTAR
2139;"CLOR DE SODIO 0,9% 100ML SF";SF;100;HALEX ISTAR
2140;"CLOR DE SODIO 0,9% 100ML SF C/CONECTOR";C/CONECTOR;60;HALEX ISTAR
2141;"CLOR DE SODIO 0,9% 1000ML SF";1000ML SF;15;HALEX ISTAR
2143;LEVOFLOXACINO 500MG C/10CP;C/10CP;48;EMS GENERICO
2144;BUPIVACAINA+GLICOSE 5MG+80MG 4ML;4ML;100;HIPOLABOR GENERICO
2145;ESPIRONOLACTONA 100MG CX C/500 CP;CX C/500 CP;500;HIPOLABOR GENERICO
2148;"ATROPINA 0,25MG/1ML PASMODEX CX/240 AMP";CX/240 AMP;240;ISOFARMA
2152;AMINOFILINA 24MG/ML IV 10ML C/100AMP;C/100AMP;1000;HIPOLABOR GENERICO
2153;"COMP DE GAZE N EST 7,5MX7,5 11F C/500";11F C/500;22;AMERICA
2154;SULF FERROSO 40MG SULFERBEL CX C/50 COMP;CX C/50 COMP;50;BELFAR
2155;TERMOMETRO TEMP INTERNA/EXTERN DIG;DIG;1;INCOTERM
2160;SOL. GLICERINA 12% 500ML;500ML;24;FARMACE
2166;PEDAL PARA FRASCO DISPENSADOR RIOQUIMICA;RIOQUIMICA;1;RIOQUIMICA
2176;SULFATO FERROSO 40MG FERRONIL C/ 50 COMP;C/ 50 COMP;50;TEUTO
2182;FENOBARBITAL 100MG/ML FENOCRIS CX C/50 AMP;CX C/50 AMP;50;CRISTALIA
2186;CONJ DESC ASSIT LINHA ARTERIAL 8MM 5S;8MM 5S;50;PRONEFRO
2188;AGULHA DE FISTULA 15G 25 MM PRONEFRO;PRONEFRO;50;PRONEFRO
2196;CAMPO OPER. S/ FIO RADIO C/50 45X50 CM;45X50 CM;1;AMERICA
2197;"COMP DE GAZE N EST 7,5X7,5M 9 F";9 F;24;AMERICA
2199;"CATETER 20G 20G X 1,1";"20G X 1,1";100;MEDGOLDMAN
2201;SONDA ASP. TRAQUEAL N: 10 50 CM;50 CM;800;MARK MED
2202;SONDA ASP. TRAQUEAL N: 12 C/10 50 CM;50 CM;700;MARK MED
2203;SONDA ASP. TRAQUEAL N: 14 50 CM;50 CM;600;MARK MED
2204;SONDA URETRAL N: 8 40 CM;40 CM;1100;MARK MED
2205;SONDA URETRAL N: 10 40 CM;40 CM;1000;MARK MED
2206;SONDA URETRAL N: 12 40 CM;40 CM;1;MARK MED
2207;SONDA URETRAL N: 14 40 CM;40 CM;10;MARK MED
2208;OMEPRAZOL SÓDICO 40MG F/A + DIL;F/A + DIL;200;EUROFARMA GENERICO
2209;GLICOSE 10% 500ML;500ML;30;FRESENIUS
2210;AGUA INJEÇÃO 100ML S/F CX C/16 FR;CX C/16 FR;16;FRESENIUS
2218;AVENTAL DESC. CIR. ESTÉRIL SMS TAM G;TAM G;20;POLAR FIX
2219;COLETOR DE URINA INF. UNISSEX 100ML;100ML;10;SEGMED
2220;SONDA DE FOLEY N: 16 3 VIAS C/10;C/10;500;SOLIDOR
2221;SONDA DE FOLEY N:16 2 VIAS C/10;C/10;500;SOLIDOR
2223;SCALP N: 27 PVC;PVC;100;LAMEDID
2224;"TUBO ENDOTRAQUEAL 7,0 C/10 SEM BALAO";SEM BALAO;100;SOLIDOR
2226;"TUBO ENDOTRAQUEAL 8,5 C/10 COM BALÃO";COM BALÃO;100;SOLIDOR
2227;"TUBO ENDOTRAQUEAL 7,5 C/10 SEM BALÃO";SEM BALÃO;100;SOLIDOR
2228;"TUBO ENDOTRAQUEAL 8,0 C/10 COM BALÃO";COM BALÃO;100;SOLIDOR
2229;"TUBO ENDOTRAQUEAL 6,5 C/10 SEM BALÃO";SEM BALÃO;100;SOLIDOR
2230;"TUBO ENDOTRAQUEAL 8,0 C/10 SEM BALÃO";SEM BALÃO;100;SOLIDOR
2231;ELETRODO DESC. ESPUMA/GEL C/ 500 UNIDS;C/ 500 UNIDS;50;SOLIDOR
2232;AGULHA HIPODERMICA 40 X 12 C/100;C/100;50;SOLIDOR
2233;"AGULHA DESC 13 X 4,5 CX C/100";CX C/100;50;SOLIDOR
2234;CATETER IV TEFLON 14G C/50;C/50;20;SOLIDOR
2239;SONDA DE FOLEY N:18 3 VIAS C/10;C/10;500;SOLIDOR
2240;LAMINA DE BISTURI N: 11 C/100 ESTÉRIL;ESTÉRIL;50;SOLIDOR
2241;LAMINA DE BISTURI N: 12 C/100 ESTÉRIL;ESTÉRIL;50;SOLIDOR
2242;LAMINA DE BISTURI N: 15 C/100 ESTÉRIL;ESTÉRIL;50;SOLIDOR
2243;LAMINA DE BISTURI N: 20 C/100 ESTÉRIL;ESTÉRIL;50;SOLIDOR
2244;LAMINA DE BISTURI N: 22 C/100 ESTÉRIL;ESTÉRIL;50;SOLIDOR
2245;LAMINA DE BISTURI N: 11 C/100 ESTÉRIL;ESTÉRIL;50;LAMEDID
2246;LAMINA DE BISTURI N: 12 C/100 ESTÉRIL;ESTÉRIL;50;LAMEDID
2247;LAMINA DE BISTURI N: 15 C/100 ESTÉRIL;ESTÉRIL;50;LAMEDID
2248;LAMINA DE BISTURI N: 20 C/100 ESTÉRIL;ESTÉRIL;50;LAMEDID
2249;WRAPS (MANTA)P/ ESTER SMS 50G 50X50CM;50X50CM;1000;POLAR FIX
2250;MIDAZOLAM (B1)  INJ 1MG/ML 5ML C/ 100 AMP;C/ 100 AMP;1000;HIPOLABOR GENERICO
2251;TOUCA DESCARTÁVEL PCT C/100;PCT C/100;50;DESCARPACK
2252;AVENTAL DESC. MANGA LONGA PCT C/10;PCT C/10;1;DESCARPACK
2254;GLICOFISIOLÓGICO 500ML;500ML;30;FRESENIUS
2256;BROMOPRIDA 10MG/2ML C/6 EV/IM DIGESTINA;DIGESTINA;6;UNIAO QUIMICA
2257;EFEDRINA 50MG/ML 1ML C/25 UNIFEDRINE;UNIFEDRINE;25;UNIAO QUIMICA
2258;FENTANILA 50MCG/ML C/50 UNIFENTAL;UNIFENTAL;1000;UNIAO QUIMICA
2260;TRAMADOL 50MG/ML C/50 EV/IM;EV/IM;50;UNIAO QUIMICA GENERICO
2261;TRAMADOL 100MG/2ML C/50 EV/IM;EV/IM;50;UNIAO QUIMICA GENERICO
2262;CLINDAMICINA 150MG/ML 4ML C/50 EV/IM;EV/IM;400;UNIAO QUIMICA GENERICO
2264;CLONAZEPAM 2MG C/20 UNICLONAZEPA;UNICLONAZEPA;20;UNIAO QUIMICA
2265;BROMAZEPAM (B1) 3MG COMP CX C/30;CX C/30;30;UNIAO QUIMICA GENERICO
2266;BROMAZEPAM (B1) 6MG COMP CX C/ 30;CX C/ 30;30;UNIAO QUIMICA GENERICO
2267;"IPRATROPIO 0,25MG/ML 20ML GOTAS";GOTAS;1;UNIAO QUIMICA GENERICO
2269;ACIDOS GRAXOS 200 ML AGE/ TCM;AGE/ TCM;30;MOPH COSMÉTICOS
2270;SONDA NASO LONGA N10 PCT C/ 10 UN;PCT C/ 10 UN;10;MARK MED
2271;"RIOHEX GARD 0,12% CLOREXIDINA 250ML";250ML;12;RIOQUIMICA
2274;GLICOSE 5% 500ML SOL. INJ.;SOL. INJ.;30;FRESENIUS
2303;SOL. RINGER COM LACTATO 500ML;500ML;30;FRESENIUS
2306;ACEBROFILINA 50MG/5ML XPE 120ML;120ML;1;NOVAQUIMICA
2307;ANLODIPINO 5MG GEN C/ 30 COMP;C/ 30 COMP;1800;EMS GENERICO
2309;ATENOLOL 25MG GEN C/ 30 COMP;C/ 30 COMP;1440;EMS GENERICO
2310;COLETOR DE URINA SIST. FECHADO;FECHADO;100;SOLIDOR
2312;"RIODERM SOFT TRICLOSANA 0,5% 1L";1L;12;RIOQUIMICA
2314;"CARVEDILOL 12,5 MG GEN CX C/30 CP";CX C/30 CP;48;EMS GENERICO
2316;FLUOXETINA (C1) 20MG C/ 70 CAPS GEN;CAPS GEN;2800;TEUTO GENERICO
2317;AMITRIPTILINA (C1) 25MG COMP G CX C/ 100;CX C/ 100;5000;TEUTO GENERICO
2318;ALBENDAZOL SUSP. 40MG/ML 10ML ALBEL;ALBEL;1;GEOLAB
2319;GERMI RIO AMONIA + BIGUANIDA 1LT;1LT;12;RIOQUIMICA
2320;LAMINA DE BISTURI N:10 C/ 100;C/ 100;100;SOLIDOR
2321;"ADOÇANTE PO LINEA 0,6G C/ 1000";C/ 1000;1;LINEA
2327;AMITRIPTILINA 25MG - AMYTRIL (C1) C/200;(C1) C/200;200;CRISTALIA
2329;SERINGA 60ML S/AG LUER SLIP;LUER SLIP;50;SR
2330;SERINGA 60ML S/AG LUER LOCK;LUER LOCK;50;SR
2331;PULSEIRA DE IDENTIFICAÇÃO INF. AZUL;AZUL;1000;ADLIN
2333;CLOR DE SODIO 9MG/ML BOLSA 500ML C/12;500ML C/12;12;EUROFARMA
2337;CLOR. DE SODIO 9MG/ML 500ML C/ 25;C/ 25;25;EUROFARMA
2339;CEFTRIAXONA 1G KEFTRON CX C/50;CX C/50;6;ABL
2341;CEFAZOLINA 1G - CEZOLIN CX C/50;CX C/50;6;BIOCHIMICO
2342;CEFEPIMA 1G PO INJ GEN CX C/ 50FA;CX C/ 50FA;6;BIOCHIMICO GEN
2343;MEROPENEM TRIIDRA 500MG IV GEN CX C/10FA;CX C/10FA;16;BIOCHIMICO GEN
2344;CIPROFLOXACINO 500MG GEN COMP CX C/210;CX C/210;16;BRASTERAPICA GEN
2345;ERITROPOIETINA 10.000UI/ML SUB 1ML CX C/20;1ML CX C/20;20;B
2346;CEFALOTINA SÓDICA 1G CX 50 FA GEN;GEN;6;ABL GENERICO
2347;IMIPENEM CILASTATINA 500MG GEN C/10 FR;C/10 FR;6;ABL GENERICO
2349;CEFALOTINA SOD 1G CEFLEN CX C/50;CX C/50;50;AGILA
2351;CEFTAZIDIMA 1G - CEFAZIMA CX C/50;CX C/50;6;BIOCHIMICO
2355;ROCURONIO 50MG IV 5ML ROMERAN CX C/12;CX C/12;12;BIOCHIMICO
2357;CLOR DE SODIO 9MG/ML 1000ML;1000ML;16;FRESENIUS
2358;TROCATER COMPLETO 12 MM COM REDUTOR;REDUTOR;20;AMERICAN INSTRUMENTS
2359;TROCATER LAPAROSCOPICO ACCESS 5MMX75MM;5MMX75MM;1;AMERICAN INSTRUMENTS
2361;SULFA + TRIME 400+8MG/ML 50ML ESPECTROPRIM;ESPECTROPRIM;50;PRATI
2365;MASCARA DESC. C/ ELASTIC CX C/50;CX C/50;15;EMBRAMAC
2368;ACIDO ASCORBICO 500MG -VITER C C/ 500;C/ 500;10;NATULAB
2369;IBUPROFENO 20MG/ML 100ML C/50 IBUPROTRAT;IBUPROTRAT;50;NATULAB
2371;LIDOCAINA 2% S/V GEN C/ 25 FA 20ML;20ML;20;HIPOLABOR GENERICO
2373;DOPAMINA CLOR. 5MG/ML 10ML C/ 100;C/ 100;10;HIPOLABOR GENERICO
2374;"ESCOPOL+DIPIRONA 20MG+2,5G/5ML 5ML C/ 100";5ML C/ 100;20;HIPOLABOR GENERICO
2375;TRAMADOL (A2) 50MG/ML 1ML CX C/100;CX C/100;20;HIPOLABOR GENERICO
2376;SACCHAROMYCES BOULARDII 200MG SACHE - C/4;SACHE - C/4;60;LEGRAND
2377;CLONAZEPAM (B1) 2MG GEN CX C/30;CX C/30;60;EMS GENERICO
2378;GABAPENTINA (C1) 300MG GEN CX C/30 CAPS;CX C/30 CAPS;30;EMS GENERICO
2382;CETOPROFENO 100MG IV ARTRINID CX C/50;CX C/50;12;UNIAO QUIMICA
2383;HALOPERIDOL (C1) 5MG/ML 1ML CX C/50;CX C/50;20;UNIAO QUIMICA
2385;ACETILCISTEINA 100MG/ML 3 ML C/ 5;C/ 5;48;UNIAO QUIMICA
2386;AMPICILINA  + SULBACTAM 3G GEN + DIL CX 20;+ DIL CX 20;12;EUROFARMA GENERICO
2387;FENITOINA SÓD (C1) 50MG/ML 5ML C/ 100;C/ 100;20;HIPOLABOR GENERICO
2388;EQUIPO MULTIVIAS COM CLAMP;COM CLAMP;800;DESCARPACK
2389;AGUA PARA  INJECAO 10ML;10ML;1;ISOFARMA
2390;"CLOR DE SODIO 0,9% 10ML CX C/ 200";CX C/ 200;1;ISOFARMA
2391;FLUCONAZOL 2MG/ML 100ML C/ 60;C/ 60;30;ISOFARMA
2392;CLARITROMICINA 500MG GEN CX C/ 10 AMP;CX C/ 10 AMP;8;ABL GENERICO
2393;DIAZEPAM (B1) 5MG/ML 2ML GEN C/100;C/100;20;HIPOLABOR GENERICO
2394;DOBUTAMINA 250MG/20ML DOBUTREX CX C/ 20AMP;CX C/ 20AMP;2;ABL
2395;SULF. DE MAGNESIO 50% 10ML;10ML;200;ISOFARMA
2398;SACCHAROMYCES 100MG - REPOFLOR C/ 12;C/ 12;100;LEGRAND
2399;"CLOR DE SODIO 0,9% 100ML C/ 60";C/ 60;1;FARMACE
2401;PANTOPRAZOL 40MG INJ+ AMP 10ML C/ 50;C/ 50;50;EUROFARMA GENERICO
2402;"ENOXAPARINA 40MG/0,4ML - VERSA CX C/6";CX C/6;25;EUROFARMA
2403;BROMOPRIDA 10MG/2ML INJ IV/IM CX C/50;CX C/50;50;AGILA
2405;PLUGA CONECTOR P/ DILUIÇÃO IV;IV;240;EUROFARMA
2406;CLOR DE SODIO 9MG/ML 100ML KIT -BOLSA;KIT -BOLSA;60;EUROFARMA
2407;MEROPENEM 500MG GEN C/ 25 F/A;C/ 25 F/A;25;EUROFARMA GENERICO
2408;MEROPENEM 1G GEN C/ 25 F/A;C/ 25 F/A;6;EUROFARMA GENERICO
2409;ADENOSINA 3MG/ML - 2ML C/ 50;C/ 50;32;HIPOLABOR GENERICO
2415;DICLOFENACO SÓD. 25MG/ML 3ML C/ 100;C/ 100;100;TEUTO GENERICO
2416;"DEXAMETASONA 4MG/ML 2,5ML C/120";C/120;6;TEUTO GENERICO
2417;TENOXICAN 40MG - TEFLAN INJ C/ 50;C/ 50;12;UNIAO QUIMICA
2418;SONDA URETRAL N: 12 C/ 50;C/ 50;6;MERCOSUL
2419;SONDA URETRAL N: 08 C/ 50;C/ 50;8;MERCOSUL
2420;SONDA URETRAL N: 14 C/ 50;C/ 50;4;MERCOSUL
2421;SONDA GASTRICA N: 04 C/ 50;C/ 50;8;MERCOSUL
2422;SONDA GASTRICA N:06 C/ 50;C/ 50;8;MERCOSUL
2423;SONDA GASTRICA N: 08 C/ 50;C/ 50;8;MERCOSUL
2424;CATETER OXIGENIO TIPO OCULOS C/ 50;C/ 50;6;MERCOSUL
2425;TENOXICAM 20MG + DIL 2ML GEN C/ 50;C/ 50;6;EUROFARMA GENERICO
2428;SCALP IV N:19 VITALGO GRAU CIR C/200;C/200;10;JOAOMED
2429;SCALP IV N:21 VITALGO GRAU CIR CX C/ 200;CX C/ 200;10;JOAOMED
2430;SCALP IV N:23 VITALGO GRAU CIR C/200;C/200;200;JOAOMED
2431;SCALP IV N:25 VITALGO GRAU CIR CX C/200;CX C/200;10;JOAOMED
2432;AGULHA HIPODERMICA 25X8 C/100;C/100;50;SOLIDOR
2433;CATETER IV TEFLON 24G C/50;C/50;20;SOLIDOR
2434;SCALP N: 19 PVC C/100;C/100;20;LAMEDID
2435;SONDA DE FOLEY N:18 2 VIAS CX C/10;CX C/10;50;SOLIDOR
2436;TORNEIRA 3 VIAS C/50;C/50;20;SOLIDOR
2437;PENICILINA BEN 600.000 BEPEBEN CX C/50;CX C/50;1;TEUTO
2438;CLORPROMAZINA (C1) 5MG/ML 5ML C/50;5ML C/50;10;HYPOFARMA GENERICO
2439;FUROSEMIDA 10MG/ML 2ML GEN C/100;C/100;12;HYPOFARMA GENERICO
2440;LAMINA DE BISTURI N:15 C/100;C/100;50;ADVANTIVE
2441;LAMINA DE BISTURI N:24 C/ 100;C/ 100;100;ADVANTIVE
2443;HYPLEX B AMP 2ML POLIVITAMINIC CX C/100;CX C/100;12;HYPOFARMA
2444;"FENTANILA (A1) 0,05MG/ML 10ML CX C/25";CX C/25;25;CRISTALIA
2445;LIDOCAINA 2% S/V 20ML XYLESTES CX C/10;CX C/10;30;CRISTALIA
2446;"HEPARINA SOD 5000/0,25ML SUBC CX C/25";CX C/25;48;CRISTALIA
2447;MORFINA (A1) 10MG/ML 1ML C/50 DIMORF;DIMORF;50;CRISTALIA
2448;CLORPROMAZINA (C1) 5MG/ML C/50 LONGACTIL;LONGACTIL;50;CRISTALIA
2449;HALOPERIDOL (C1) 5MG/ML 1ML CX C/50;CX C/50;50;CRISTALIA
2450;TRAMADOL (A2) 50MG/ML 2ML CX C/100;CX C/100;100;CRISTALIA
2451;OMEPRAZOL SODICO 40MG EV + DIL CX C/25 GEN;CX C/25 GEN;12;CRISTALIA
2452;LIDOCAINA 2% GEL XYLESTESIN CX C/10;CX C/10;36;CRISTALIA
2453;HIDROCORTISONA 500MG C/50 CORTISONAL;CORTISONAL;12;UNIAO QUIMICA
2454;"DESLANOSIDEO 0,2MG/ML C/ 50 DESLANOL";DESLANOL;20;UNIAO QUIMICA
2455;OCITOCINA 5.000 UI/ML - OXITON CX C/ 50;CX C/ 50;1000;UNIAO QUIMICA
2456;"NEOCAINA 0,5% PESADA 4ML CX C/40";CX C/40;12;CRISTALIA
2457;HIDRALAZINA 20MG/ML 1ML C/50 NEPRESOL;NEPRESOL;50;CRISTALIA
2458;PROMETAZINA 25MG/ML 2ML C/50 PAMERGAN;PAMERGAN;70;CRISTALIA
2459;CARBAMAZEPINA(C1) 200MG C/200 TEGRETARD;TEGRETARD;200;CRISTALIA
2460;MIDAZOLAM(B1) INJ. 5MG/ML 50 X 3ML DORMIRE;3ML DORMIRE;50;CRISTALIA
2463;"SERINGA 20ML C/ AG 25X0,7 LUER SLIP";SLIP;250;SR
2464;PANCURONIO 2MG/ML 2ML CX C/50 PANCURON;PANCURON;50;CRISTALIA
2465;HIDROCORTISONA 500MG C/ 50 ANDROCORTIL;ANDROCORTIL;1;TEUTO
2474;AGULHA HIPODERMICA 40X12 C/100;C/100;50;SR
2475;AGULHA HIPODERMICA 25X7 CX C/100;CX C/100;50;SR
2476;AGULHA HIPODERMICA 30X7 22G C/100;C/100;50;SR
2480;ACETILCISTEINA 600MG/5G C/ 200 ENV;ENV;200;PRATI GENERICO
2481;GABAPENTINA (C1) 400MG C/300;C/300;300;PRATI GENERICO
2482;CEFTRIAXONA 1G IV CELLTRIAXON CX C/100;CX C/100;6;AGILA
2483;HEPARINA 5000UI/ML 5ML CX C/25;CX C/25;36;CRISTALIA
2484;AGULHA HIPODERMICA 25X7 CX C/100;CX C/100;10;EMBRAMAC
2485;AGULHA HIPODERMICA 40X12 CX C/100;CX C/100;10;EMBRAMAC
2486;SCALP Nº19 CX C/240;CX C/240;1;EMBRAMAC
2487;SCALP Nº23 CX C/240;CX C/240;240;EMBRAMAC
2488;PETIDINA (A1) 50MG/ML 2ML C/25 DOLOSAL;DOLOSAL;25;CRISTALIA
2489;CLONIDINA 150MCG/ML 1ML C/30 CLONIDIN;CLONIDIN;30;CRISTALIA
2490;"MORFINA (A1) 0,1MG/ML 1ML C/50 DIMORF";DIMORF;12;CRISTALIA
2498;DOMPERIDONA 1MG/ML SUSP PERIDAL;PERIDAL;20;FARMASA
2499;LIDOCAINA 2% GEL C/10 SER 10G XYLESTESIN;XYLESTESIN;8;CRISTALIA
2500;LIDOCAINA 2% C/V 20ML XYLESTES CX C/10;CX C/10;30;CRISTALIA
2501;"NEOCAINA 0,5% ISOBARICA 4ML CX C/40";CX C/40;12;CRISTALIA
2502;ESCOVA DESC. SCRUB - CLOREXIDI CX C/48;CX C/48;1;CRISTALIA
2503;KOLLAGENASE + CLORANF 30G C/10;C/10;36;CRISTALIA
2504;KOLLAGENASE S/ CLORANF 30G C/10;C/10;10;CRISTALIA
2505;LEVOMEPROMAZINE (C1) 100MG CX C/200;CX C/200;24;CRISTALIA
2506;LEVOMEPROMAZINE(C1) 25MG CX C/200;CX C/200;24;CRISTALIA
2507;GENTAMICINA 40MG/ML 2ML C/100 HYTAMICINA;HYTAMICINA;12;HYPOFARMA
2508;LIDOCAINA 2% S/V 20ML GEN CX C  20ML GEN; 20ML GEN;300;HYPOFARMA
2509;MANITOL 20% 250ML CX C/ 50;CX C/ 50;1;FARMACE
2510;HIDROCORTISONA 100MG C/50 CORTISONAL;CORTISONAL;12;UNIAO QUIMICA
2511;CEFAZOLINA 1G S/ DIL CELLOZINA CX C/25;CX C/25;24;AGILA
2512;CATETER PERIFERICO N: 18 CX C/100;CX C/100;20;DESCARPACK
2513;CATETER PERIFERICO N: 20 CX C/100;CX C/100;20;DESCARPACK
2514;AGULHA HIPODERMICA 40X12 DESCARPACK;DESCARPACK;100;DESCARPACK
2515;SERINGA 3ML SLIP C/ AG 25X7 CX C/100;CX C/100;15;DESCARPACK
2516;SERINGA 10 ML SLIP C/ AG 25X7 CX C/100;CX C/100;10;DESCARPACK
2517;SERINGA 20 ML SLIP C/ AG 25X7 CX C/50;CX C/50;8;DESCARPACK
2519;COMPLEXO B - COMPLE B CX C/50;CX C/50;50;NATULAB
2520;ATORVASTATINA CALCICA 20MG C/ 60;C/ 60;60;NEO QUIMICA GEN
2522;AGUA PARA INJECAO 10 ML C/200;C/200;1;FARMACE
2523;"CLOR DE SÓDIO 0,9% 10ML C/ 200";C/ 200;1;FARMACE
2524;GLICOSE 5% 500ML C/ 24;C/ 24;24;FARMACE
2525;DIAZEPAM 5MG (B1) COMP C/ 1000 SANTIAZEPAM;SANTIAZEPAM;30;SANTISA
2526;QUETIAPINA 200MG C/28 SEROQUEL;SEROQUEL;28;ASTRAZENECA
2529;ESCOPOLAMINA 20MG/ML 1ML C/100;C/100;20;HIPOLABOR GENERICO
2532;SUXAMETONIO 100MG SUCCINIL COLIN;COLIN;60;UNIAO QUIMICA
2533;LORAZEPAM 2MG GEN C/30;C/30;30;TEUTO GENERICO
2534;ESCOPOLAMINA 20MG/ML AMP 1ML CX C/50;CX C/50;20;UNIAO QUIMICA GENERICO
2535;"CLONAZEPAM 0,5MG C/ 20 UNI CLONAZEPAX";CLONAZEPAX;198;UNIAO QUIMICA
2539;WRAPS P/ ESTER SMS 50G 75X75CM;75X75CM;200;POLAR FIX
2540;AMPICILINA + SULBACTAM 3G CX C/30;CX C/30;9;AGILA GENERICO
2541;CISATRACURIO 2MG/ML 10ML CIS CX C/5;CX C/5;5;CRISTALIA
2542;RIOHEX 2%  ESCOVA 22ML;22ML;80;RIOQUIMICA
2543;COMPLEXO B - COMPLE B CP CX C/500 CP;CX C/500 CP;10;NATULAB
2544;SONDA ASP. TRAQUEAL N: 06 C/ 10;C/ 10;10;MARK MED
2546;MUPIROCINA 20MG/G C/15G;C/15G;1;CRISTALIA GENERICA
2547;ACIDO ASCORBICO 200MG/ML GTS CEWIN;CEWIN;20;SANOFI AVENTIS
2549;SOL MANITOL 20% 250ML;250ML;48;FRESENIUS
2550;"CLOR DE SODIO 0,9% USO EXTERNO";EXTERNO;25;FRESENIUS
2553;CITALOPRAM (C1) 20MG DENYL CX C/200;CX C/200;200;CRISTALIA
2560;LUVA PROCEDIMENTO M C/100 EMBRAMAC;EMBRAMAC;1000;EMBRAMAC
2562;SULFA+TRIME 40MG-8MG/ML 50ML BACSULFAPRIM;BACSULFAPRIM;100;SOBRAL
2564;GANCICLOVIR 100MG+CLO.SOD BOLS CYMEVIR;CYMEVIR;10;HALEX ISTAR
2566;"CLOR DE SODIO 0,9% 100ML FR";FR;80;FRESENIUS
2567;GLICONATO DE CALCIO 10% 10ML CX C/200 AMP;CX C/200 AMP;1;ISOFARMA
2568;CETOPROFENO 100MG IV PO INJ CX C/50;CX C/50;30;CRISTALIA GENERICA
2570;DIPIRONA SOD 500MG/ML AMP 2ML CX C/120 GEN;CX C/120 GEN;8;TEUTO GENERICO
2571;CEFTRIAXONA 1G IV - TRIAXON CX C/ 50;CX C/ 50;1;TEUTO
2573;AMIODARONA 50MG/ML GEN 3ML CX 100 AMP;CX 100 AMP;24;HIPOLABOR GENERICO
2574;BROMOPRIDA 5MG/ML AMP 2ML CX C/100;CX C/100;20;HIPOLABOR GENERICO
2575;MIDAZOLAM (B1)  1MG/ML AMP 5ML CX C/ 100;CX C/ 100;20;HIPOLABOR GENERICO
2576;NALBUFINA (A2)  10MG/ML AMP CX C/ 10;CX C/ 10;10;HIPOLABOR GENERICO
2577;"NALOXONA (C1) 0,4MG/ML AMP 1ML CX C/ 10";CX C/ 10;10;HIPOLABOR GENERICO
2578;TRAMADOL (A2) 100MG/ML AMP 2ML CX C/ 100;CX C/ 100;20;HIPOLABOR GENERICO
2579;ACICLOVIR 250MG PO LIOF IV GEN CX C/ 50;CX C/ 50;1;TEUTO GENERICO
2580;ETILEFRINA 10MG/ML  1ML CX C/ 6 AMP;CX C/ 6 AMP;48;UNIAO QUIMICA
2581;"LENCOL DESC. S/ ELAS. 2 X1,40 30G PCT  50";30G PCT  50;50;FLATEX
2582;DEXTROCETAMINA(C1)S(+) 50MG/ML CX C/5;CX C/5;5;CRISTALIA
2583;"BIMATOPROSTA 0,3MG/ML GOTAS FR 3ML";FR 3ML;100;NOVAQUIMICA
2584;HIDROCLOROTIAZIDA 25MG CP CX C/ 30;CX C/ 30;60;EMS GENERICO
2585;SERINGA 20ML C/AG 25X7 LUER LOCK;LUER LOCK;250;SR
2587;PENICILINA G BENZ 1.200.000UI C/50 BEPEBEN;C/50 BEPEBEN;1;TEUTO
2592;LUVA PROCEDIMENTO P C/100 DESCARPACK;DESCARPACK;20;DESCARPACK
2593;PROTETOR BRAÇO PLAST ESTERIL PCT C/ 1 PAR;PCT C/ 1 PAR;1000;PROTECTOR
2594;LAMINA BISTURI AÇO CARBONO N10 CX C/ 100;CX C/ 100;50;MAXICOR
2595;LAMINA BISTURI AÇO CARBONO N12  CX C/ 100; CX C/ 100;50;MAXICOR
2596;LAMINA BISTURI AÇO CARBONO N20 CX C/ 100;CX C/ 100;50;MAXICOR
2597;LAMINA BISTURI AÇO CARBONO N21 CX C/ 100;CX C/ 100;50;MAXICOR
2598;LAMINA BISTURI AÇO CARBONO N22 CX C/ 100;CX C/ 100;50;MAXICOR
2599;LAMINA BISTURI AÇO CARBONO N24 CX C/ 100;CX C/ 100;50;MAXICOR
2600;PAPEL LENCOL LEFLEX 50CMX50M CX C/ 10;CX C/ 10;1;FLEXPELL
2601;PAPEL LENCOL EXTRA 70CMX50M CX C/10;CX C/10;1;FLEXPELL
2602;PAPEL LENCOL ECO 50CMX50M CX C/ 10;CX C/ 10;1;FLEXPELL
2603;PAPEL LENCOL ECO 70CMX50M CX C/ 10;CX C/ 10;1;FLEXPELL
2604;POLIMIXINA B 500.000UI POLIXIL CX C/ 25 FA;CX C/ 25 FA;12;HALLER
2605;COMPLEXO B COMP COMPLEXIMED CX C/ 100;CX C/ 100;100;GLOBO
2608;FITA AUTOCLAVE 19MMX30M MASTERFIX;MASTERFIX;60;MASTERFIX
2609;FITA CREPE HOSP. 19MMX50M MASTERFIX;MASTERFIX;60;MASTERFIX
2610;GARDENAL (B1)100MG COMP CX C/ 20;CX C/ 20;20;SANOFI AVENTIS
2611;FENITOÍNA 50MG/ML (C1) AMP 5ML CX C/ 50;CX C/ 50;50;CRISTALIA
2612;REMIFENTANILA CLOR. 2MG (A1) CX C/5 FA;CX C/5 FA;5;CRISTALIA GENERICA
2613;REMIFENTANILA CLOR. 5MG (A1) CX C/5 FA;CX C/5 FA;5;CRISTALIA GENERICA
