R$ 3.385,96 ;02/jan;;;OC19597-1166722;SP;INTENSIVE CARE - RJ;RJ
 R$ 97,73 ;02/jan;;;OC6590-1166793;SP;HOSPITAL SÃO VICENTE DE PAULO - CE;CE
 R$ 27.863,69 ;02/jan;;;OC3104-1166629;RS;HOSPITAL UNIMED CAXIAS DO SUL;RS
 R$ 11.318,68 ;02/jan;;;OC3104-1166619;RS;HOSPITAL UNIMED CAXIAS DO SUL;RS
 R$ 9.365,79 ;02/jan;;;OC3104-1165865;DF;HOSPITAL UNIMED CAXIAS DO SUL;RS
 R$ 23.414,51 ;02/jan;;;OC3104-1166567;DF;HOSPITAL UNIMED CAXIAS DO SUL;RS
 R$ 36.153,45 ;02/jan;;;OC3104-1166617;DF;HOSPITAL UNIMED CAXIAS DO SUL;RS
 R$ 36.583,07 ;02/jan;;;OC10012-1167094;SP;LIGA CONTRA O CÂNCER DE NATAL - RN;RN
 R$ 22.181,10 ;03/jan;;;OC3104-1166783;RS;HOSPITAL UNIMED CAXIAS DO SUL;RS
 R$ 110.573,37 ;03/jan;;;OC3104-1166560;RS;HOSPITAL UNIMED CAXIAS DO SUL;RS
 R$ 141,27 ;03/jan;;;OC11905-1167450;DF;SANTA MARCELINA - HOSPITAL SANTA MARCELINA DO ABC PAULISTA-NOVA NEOMATER;SP
 R$ 38.600,61 ;03/jan;;;OC9621-1167360;DF;CÍRCULO HOSPITAL - RS;RS
 R$ 358,00 ;03/jan;;;OC2873-1167268;DF;HOSPITAL JAYME DA FONTE PE;PE
 R$ 37.463,34 ;03/jan;;;OC3104-1166650;DF;HOSPITAL UNIMED CAXIAS DO SUL;RS
 R$ 410.160,12 ;03/jan;;;OC3104-1166643;DF;HOSPITAL UNIMED CAXIAS DO SUL;RS
 R$ 40.801,92 ;03/jan;;;OC3104-1166204;DF;HOSPITAL UNIMED CAXIAS DO SUL;RS
 R$ 53.638,22 ;03/jan;;;OC7114-1167509;DF;HOSPITAL UNIMED FEIRA DE SANTANA - BA;BA
 R$ 6.784,86 ;03/jan;;;OC7114-1167510;SP;HOSPITAL UNIMED FEIRA DE SANTANA - BA;BA
 R$ 49.556,95 ;03/jan;;;OC2975-1167350;SP;HOSPITAL PORTUGUÊS - BA;BA
 R$ 879,23 ;03/jan;;;OC15571-1167622;PE;HOSPITAL DA UNIMED EM JUAZEIRO - BA;BA
 R$ 18.874,57 ;03/jan;;;OC9621-1167599;RS;CÍRCULO HOSPITAL - RS;RS
 R$ 2.905,34 ;03/jan;;;OC19718-1167232;RS;HOSPITAL UNIVERSITARIO DE CANOAS - FUNAM - RS;RS
 R$ 1.246,80 ;03/jan;;;OC3043-1167739;DF;HOSPITAL ICARAÍ - RJ;RJ
 R$ 1.997,88 ;03/jan;;;OC14378-1167952;ES;CSS - CASA DE SAUDE DE SANTOS - SP;SP
 R$ 4.568,88 ;03/jan;;;OC10012-1167980;PE;LIGA CONTRA O CÂNCER DE NATAL - RN;RN
 R$ 18.366,70 ;03/jan;;;OC10012-1167981;DF;LIGA CONTRA O CÂNCER DE NATAL - RN;RN
 R$ 62.502,69 ;03/jan;;;OC14378-1167947;DF;CSS - CASA DE SAUDE DE SANTOS - SP;SP
 R$ 1.295,52 ;03/jan;;;OC19393-1167873;DF;AXX CARE - RJ;RJ
 R$ 10.288,41 ;03/jan;;;OC19597-1168094;SP;INTENSIVE CARE - RJ;RJ
 R$ 97.093,60 ;03/jan;;;OC20305-1167985;SP;DOM CLINICA DE ONCOLOGIA E HOSPITAL DIA LTDA - MG;MG
 R$ 72.985,65 ;03/jan;;;OC10012-1167979;SP;LIGA CONTRA O CÂNCER DE NATAL - RN;RN
 R$ 10.087,09 ;03/jan;;;OC19393-1167890;SP;AXX CARE - RJ;RJ
 R$ 241.328,92 ;03/jan;;;OC12810-1168116;DF;HOSPITAL PRIMAVERA - SE;SE
 R$ 2.394,78 ;03/jan;;;OC2874-1168114;DF;HOSPITAL MEMORIAL SÃO FRANCISCO - PB;PB
 R$ 25.342,80 ;04/jan;;;OC12810-1168117;SP;HOSPITAL PRIMAVERA - SE;SE
 R$ 3.135,40 ;04/jan;;;OC13137-1168045;SP;SANTA CASA DE MISERICORDIA DE MACEIO - AL;AL
 R$ 7.570,89 ;04/jan;;;OC7114-1168558;PE;HOSPITAL UNIMED FEIRA DE SANTANA - BA;BA
 R$ 290,26 ;04/jan;;;OC9621-1168690;RS;CÍRCULO HOSPITAL - RS;RS
 R$ 1.429,83 ;04/jan;;;OC20306-1168439;SP;DOM INCONFIDENTES CLINICA DE ONCOLOGIA E HOSPITAL DIA LTDA - MG;MG
 R$ 6.729,68 ;04/jan;;;OC14378-1168902;ES;CSS - CASA DE SAUDE DE SANTOS - SP;SP
 R$ 27.057,32 ;04/jan;;;OC3104-1168083;RS;HOSPITAL UNIMED CAXIAS DO SUL;RS
 R$ 741,26 ;04/jan;;;OC2975-1168912;DF;HOSPITAL PORTUGUÊS - BA;BA
 R$ 999,70 ;04/jan;;;OC6418-1169080;DF;ASSISTE VIDA ATENÇÃO DOMICILIAR - BA;BA
 R$ 26.108,96 ;04/jan;;;OC11054-1168897;DF;CLINICA DE ONCOLOGIA E MASTOLOGIA DE NATAL - RN;RN
 R$ 4.534,86 ;04/jan;;;OC13137-1168801;DF;SANTA CASA DE MISERICORDIA DE MACEIO - AL;AL
 R$ 15.919,38 ;04/jan;;;OC13542-1168875;DF;NFUSION - CE;CE
 R$ 113.751,16 ;04/jan;;;OC11054-1168898;SP;CLINICA DE ONCOLOGIA E MASTOLOGIA DE NATAL - RN;RN
 R$ 16.590,44 ;04/jan;;;OC7114-1169342;PE;HOSPITAL UNIMED FEIRA DE SANTANA - BA;BA
 R$ 12.914,36 ;04/jan;;;OC7114-1169339;DF;HOSPITAL UNIMED FEIRA DE SANTANA - BA;BA
 R$ 5.775,32 ;04/jan;;;OC15571-1168930;DF;HOSPITAL DA UNIMED EM JUAZEIRO - BA;BA
 R$ 5.775,32 ;04/jan;;;OC19597-1169332;DF;INTENSIVE CARE - RJ;RJ
 R$ 14.891,86 ;05/jan;;;OC10012-1169414;PE;LIGA CONTRA O CÂNCER DE NATAL - RN;RN
 R$ 65.907,13 ;05/jan;;;OC10012-1169413;SP;LIGA CONTRA O CÂNCER DE NATAL - RN;RN
 R$ 29.630,17 ;05/jan;;;OC13137-1168785;DF;SANTA CASA DE MISERICORDIA DE MACEIO - AL;AL
 R$ 38.112,12 ;05/jan;;;OC13137-1168628;DF;SANTA CASA DE MISERICORDIA DE MACEIO - AL;AL
 R$ 1.222,81 ;05/jan;;;OC8580-1169491;SP;CLÍNICA FLORENCE - BA;BA
 R$ 66.461,70 ;05/jan;;;OC13137-1168803;SP;SANTA CASA DE MISERICORDIA DE MACEIO - AL;AL
 R$ 227,31 ;05/jan;;;OC2975-1170114;PE;HOSPITAL PORTUGUÊS - BA;BA
 R$ 4.341,13 ;05/jan;;;OC15571-1169513;DF;HOSPITAL DA UNIMED EM JUAZEIRO - BA;BA
 R$ 1.090,07 ;05/jan;;;OC19965-1170232;DF;PEDIATRICS HOME CARE - SP;SP
 R$ 7.184,34 ;05/jan;;;OC15571-1170157;DF;HOSPITAL DA UNIMED EM JUAZEIRO - BA;BA
 R$ 236.307,60 ;05/jan;;;OC10843-1169325;RS;MÃE DE DEUS - HOSPITAL MÃE DE DEUS - RS;RS
 R$ 106.468,60 ;05/jan;;;OC10843-1169324;RS;MÃE DE DEUS - HOSPITAL MÃE DE DEUS - RS;RS
 R$ 22.500,00 ;06/jan;;;OC10527-1170503;ES;SANTA MARCELINA - HOSP. GERAL S. MARCELINA DO ITAIM PTA - SP;SP
 R$ 2.817,94 ;06/jan;;;OC10525-1170536;DF;SANTA MARCELINA - HOSP. GERAL DE ITAQUAQUECETUBA - SP;SP
 R$ 2.491,15 ;06/jan;;;OC10527-1170514;DF;SANTA MARCELINA - HOSP. GERAL S. MARCELINA DO ITAIM PTA - SP;SP
 R$ 6.839,00 ;06/jan;;;OC10524-1170487;DF;SANTA MARCELINA - HOSPITAL CIDADE TIRADENTES - SP;SP
 R$ 559,55 ;06/jan;;;OC7417-1170743;SP;HOSPITAL SÃO MATHEUS - BA;BA
 R$ 16.843,34 ;06/jan;;;OC13137-1170802;DF;SANTA CASA DE MISERICORDIA DE MACEIO - AL;AL
 R$ 21.900,00 ;06/jan;;;OC10843-1170915;DF;MÃE DE DEUS - HOSPITAL MÃE DE DEUS - RS;RS
 R$ 21.900,00 ;06/jan;;;OC10843-1170916;DF;MÃE DE DEUS - HOSPITAL MÃE DE DEUS - RS;RS
 R$ 18.127,89 ;06/jan;;;OC7114-1170990;DF;HOSPITAL UNIMED FEIRA DE SANTANA - BA;BA
 R$ 5.700,26 ;06/jan;;;OC3104-1170429;DF;HOSPITAL UNIMED CAXIAS DO SUL;RS
 R$ 16.843,34 ;06/jan;;;OC3104-1170384;DF;HOSPITAL UNIMED CAXIAS DO SUL;RS
 R$ 56.221,94 ;06/jan;;;OC3104-1168942;DF;HOSPITAL UNIMED CAXIAS DO SUL;RS
 R$ 19.569,08 ;06/jan;;;OC2975-1171214;PE;HOSPITAL PORTUGUÊS - BA;BA
 R$ 12.866,87 ;06/jan;;;OC2975-1171219;DF;HOSPITAL PORTUGUÊS - BA;BA
 R$ 721,34 ;06/jan;;;OC14840-1171355;SP;HOSPITAL SANTA HELENA - BA;BA
 R$ 586,44 ;06/jan;;;OC3104-1168753;SP;HOSPITAL UNIMED CAXIAS DO SUL;RS
 R$ 48.269,20 ;09/jan;;;OC3104-1170077;DF;HOSPITAL UNIMED CAXIAS DO SUL;RS
 R$ 3.863,24 ;09/jan;;;OC15571-1171869;SP;HOSPITAL DA UNIMED EM JUAZEIRO - BA;BA
 R$ 21.900,00 ;09/jan;;;OC10843-1171919;DF;MÃE DE DEUS - HOSPITAL MÃE DE DEUS - RS;RS
 R$ 21.900,00 ;09/jan;;;OC10843-1171918;DF;MÃE DE DEUS - HOSPITAL MÃE DE DEUS - RS;RS
 R$ 21.900,00 ;09/jan;;;OC10843-1171917;DF;MÃE DE DEUS - HOSPITAL MÃE DE DEUS - RS;RS
 R$ 21.900,00 ;09/jan;;;OC10843-1171916;DF;MÃE DE DEUS - HOSPITAL MÃE DE DEUS - RS;RS
 R$ 76.224,24 ;09/jan;;;OC10843-1171101;DF;MÃE DE DEUS - HOSPITAL MÃE DE DEUS - RS;RS
 R$ 1.122,15 ;09/jan;;;OC7114-1171958;SP;HOSPITAL UNIMED FEIRA DE SANTANA - BA;BA
 R$ 1.116,92 ;09/jan;;;OC20328-1172033;ES;HOSPITAL SANTA RITA DE CÁSSIA - ES;ES
 R$ 29.825,92 ;09/jan;;;OC11054-1172131;PE;CLINICA DE ONCOLOGIA E MASTOLOGIA DE NATAL - RN;RN
 R$ 75.084,45 ;09/jan;;;OC15571-1172066;PE;HOSPITAL DA UNIMED EM JUAZEIRO - BA;BA
 R$ 117.514,29 ;09/jan;;;OC9621-1172415;RS;CÍRCULO HOSPITAL - RS;RS
 R$ 66.036,11 ;09/jan;;;OC9621-1172058;RS;CÍRCULO HOSPITAL - RS;RS
 R$ 16.243,88 ;09/jan;;;OC9621-1172053;RS;CÍRCULO HOSPITAL - RS;RS
 R$ 297.174,33 ;09/jan;;;OC3104-1170699;RS;HOSPITAL UNIMED CAXIAS DO SUL;RS
 R$ 25.408,08 ;09/jan;;;OC9621-1172414;DF;CÍRCULO HOSPITAL - RS;RS
 R$ 12.866,87 ;09/jan;;;OC13542-1172278;DF;INFUSION - CE;CE
 R$ 4.376,67 ;09/jan;;;OC15571-1172069;DF;HOSPITAL DA UNIMED EM JUAZEIRO - BA;BA
 R$ 5.643,95 ;09/jan;;;OC9621-1172048;DF;CÍRCULO HOSPITAL - RS;RS
 R$ 9.764,92 ;09/jan;;;OC9621-1172021;DF;CÍRCULO HOSPITAL - RS;RS
 R$ 127.040,40 ;09/jan;;;OC10843-1171100;DF;MÃE DE DEUS - HOSPITAL MÃE DE DEUS - RS;RS
 R$ 19.550,00 ;09/jan;;;OC13137-1172493;SP;SANTA CASA DE MISERICORDIA DE MACEIO - AL;AL
 R$ 1.003,80 ;09/jan;;;OC19750-1172564;DF;SANTA CASA DE MISERICÓRDIA DE MOCOCA - SP;SP
 R$ 253.463,22 ;09/jan;;;OC20328-1172471;ES;HOSPITAL SANTA RITA DE CÁSSIA - ES;ES
 R$ 63.729,66 ;10/jan;;;OC3104-1171809;RS;HOSPITAL UNIMED CAXIAS DO SUL;RS
 R$ 38.112,12 ;10/jan;;;OC13137-1172676;DF;SANTA CASA DE MISERICORDIA DE MACEIO - AL;AL
 R$ 66.771,40 ;10/jan;;;OC13137-1172700;SP;SANTA CASA DE MISERICORDIA DE MACEIO - AL;AL
 R$ 13.935,60 ;10/jan;;;OC17357-1173093;ES;GRUPO SCMV - SANTA CASA DE VITORIA - ES;ES
 R$ 9.111,80 ;10/jan;;;OC7417-1173115;DF;HOSPITAL SÃO MATHEUS - BA;BA
 R$ 3.955,86 ;10/jan;;;OC7417-1173125;SP;HOSPITAL SÃO MATHEUS - BA;BA
 R$ 33.160,07 ;10/jan;;;OC20305-1173432;SP;DOM CLINICA DE ONCOLOGIA E HOSPITAL DIA LTDA - MG;MG
 R$ 12.336,80 ;10/jan;;;OC20307-1173390;SP;DOM SETE LAGOAS CLINICA DE ONCOLOGIA E HOSPITAL DIA LTDA - MG;MG
 R$ 12.512,67 ;10/jan;;;OC12810-1172645;DF;HOSPITAL PRIMAVERA - SE;SE
 R$ 337.500,00 ;10/jan;;;OC6893-1173739;ES;SANTA MARCELINA - HOSPITAL SANTA MARCELINA - ITAQUERA SP;SP
 R$ 70.974,30 ;10/jan;;;OC6893-1173747;DF;SANTA MARCELINA - HOSPITAL SANTA MARCELINA - ITAQUERA SP;SP
 R$ 2.400,00 ;10/jan;;;OC10012-1173864;DF;LIGA CONTRA O CÂNCER DE NATAL - RN;RN
 R$ 23.572,77 ;10/jan;;;OC13137-1173127;DF;SANTA CASA DE MISERICORDIA DE MACEIO - AL;AL
 R$ 43.580,05 ;10/jan;;;OC14840-1174067;DF;HOSPITAL SANTA HELENA - BA;BA
 R$ 4.376,67 ;10/jan;;;OC15571-1174050;DF;HOSPITAL DA UNIMED EM JUAZEIRO - BA;BA
 R$ 27.853,86 ;10/jan;;;OC6893-1174082;DF;SANTA MARCELINA - HOSPITAL SANTA MARCELINA - ITAQUERA SP;SP
 R$ 3.364,84 ;10/jan;;;OC15571-1174051;PE;HOSPITAL DA UNIMED EM JUAZEIRO - BA;BA
 R$ 7.382,80 ;11/jan;;;OC7429-1174391;ES;HIFA - CACHOEIRO - ES;ES
 R$ 572,00 ;11/jan;;;OC3104-1174150;RS;HOSPITAL UNIMED CAXIAS DO SUL;ES
 R$ 1.785,09 ;11/jan;;;OC3104-1174074;RS;HOSPITAL UNIMED CAXIAS DO SUL;RS
 R$ 3.027,87 ;11/jan;;;OC19674-1174332;DF;SCMBH - HOSPITAL SANTA CASA - MG;MG
 R$ 29.192,40 ;11/jan;;;OC3104-1173908;DF;HOSPITAL UNIMED CAXIAS DO SUL;RS
 R$ 24.571,86 ;11/jan;;;OC3104-1173178;RS;HOSPITAL UNIMED CAXIAS DO SUL;RS
 R$ 17.833,82 ;11/jan;;;OC3104-1173078;RS;HOSPITAL UNIMED CAXIAS DO SUL;RS
 R$ 236.538,04 ;11/jan;;;OC3104-1171807;DF;HOSPITAL UNIMED CAXIAS DO SUL;RS
 R$ 42.070,08 ;11/jan;;;OC10843-1173938;RS;MÃE DE DEUS - HOSPITAL MÃE DE DEUS - RS;RS
 R$ 1.304,49 ;11/jan;;;OC3043-1174679;SP;HOSPITAL ICARAÍ - RJ;RJ
 R$ 119.304,56 ;11/jan;;;OC10012-1175104;SP;LIGA CONTRA O CÂNCER DE NATAL - RN;RN
 R$ 19.817,88 ;11/jan;;;OC2875-1175122;DF;HGU - HOSPITAL GERAL E URGÊNCIA - PE;PE
 R$ 5.722,55 ;11/jan;;;OC15571-1174516;DF;HOSPITAL DA UNIMED EM JUAZEIRO - BA;BA
 R$ 350,51 ;11/jan;;;OC10012-1175105;PE;LIGA CONTRA O CÂNCER DE NATAL - RN;RN
 R$ 450,22 ;11/jan;;;OC3104-1174944;RS;HOSPITAL UNIMED CAXIAS DO SUL;RS
 R$ 1.755,36 ;11/jan;;;OC20305-1175111;SP;DOM CLINICA DE ONCOLOGIA E HOSPITAL DIA LTDA - MG;MG
 R$ 3.904,88 ;11/jan;;;OC13137-1175217;PE;SANTA CASA DE MISERICORDIA DE MACEIO - AL;AL
 R$ 6.225,78 ;11/jan;;;OC13137-1175219;SP;SANTA CASA DE MISERICORDIA DE MACEIO - AL;AL
 R$ 6.484,77 ;11/jan;;;OC19674-1175326;SP;SCMBH - HOSPITAL SANTA CASA - MG;MG
 R$ 31.268,22 ;12/jan;;;OC7114-1175541;DF;HOSPITAL UNIMED FEIRA DE SANTANA - BA;BA
 R$ 18.900,00 ;12/jan;;;OC3154-1175071;RS;MEDICINA PREVENTIVA (CAXIAS) RS;RS
 R$ 145.962,00 ;12/jan;;;OC3104-1175234;DF;HOSPITAL UNIMED CAXIAS DO SUL;RS
 R$ 15.363,79 ;12/jan;;;OC3104-1174942;DF;HOSPITAL UNIMED CAXIAS DO SUL;RS
 R$ 59.180,78 ;12/jan;;;OC3104-1174939;DF;HOSPITAL UNIMED CAXIAS DO SUL;RS
 R$ 119.466,70 ;12/jan;;;OC3104-1173010;DF;HOSPITAL UNIMED CAXIAS DO SUL;RS
 R$ 6.771,45 ;12/jan;;;OC15571-1175876;DF;HOSPITAL DA UNIMED EM JUAZEIRO - BA;BA
 R$ 4.015,01 ;12/jan;;;OC12810-1176179;DF;HOSPITAL PRIMAVERA - SE;SE
 R$ 5.047,17 ;12/jan;;;OC13542-1176325;PE;INFUSION - CE;CE
 R$ 12.276,42 ;12/jan;;;OC13542-1176324;PE;INFUSION - CE;CE
 R$ 22.347,00 ;12/jan;;;OC6893-1176327;ES;SANTA MARCELINA - HOSPITAL SANTA MARCELINA - ITAQUERA SP;SP
 R$ 5.178,00 ;12/jan;;;OC10012-1176320;SP;LIGA CONTRA O CÂNCER DE NATAL - RN;RN
 R$ 2.518,08 ;13/jan;;;OC6418-1176644;SP;ASSISTE VIDA ATENÇÃO DOMICILIAR - BA;BA
 R$ 3.106,80 ;13/jan;;;OC10843-1176753;RS;MÃE DE DEUS - HOSPITAL MÃE DE DEUS - RS;RS
 R$ 6.033,40 ;13/jan;;;OC10843-1175718;RS;MÃE DE DEUS - HOSPITAL MÃE DE DEUS - RS;RS
 R$ 12.866,87 ;13/jan;;;OC20307-1177013;DF;DOM SETE LAGOAS CLINICA DE ONCOLOGIA E HOSPITAL DIA LTDA - MG;MG
 R$ 25.733,74 ;13/jan;;;OC20306-1177007;DF;DOM INCONFIDENTES CLINICA DE ONCOLOGIA E HOSPITAL DIA LTDA - MG;MG
 R$ 246.200,01 ;13/jan;;;OC20387-1176981;DF;UNIONCO - PE;PR
 R$ 13.406,22 ;13/jan;;;OC9621-1176968;DF;CÍRCULO HOSPITAL - RS;RS
 R$ 4.726,46 ;13/jan;;;OC10843-1176759;DF;MÃE DE DEUS - HOSPITAL MÃE DE DEUS - RS;RS
 R$ 62.157,21 ;13/jan;;;OC20387-1176980;SP;UNIONCO - PE;PE
 R$ 48.546,80 ;13/jan;;;OC10843-1176767;SP;MÃE DE DEUS - HOSPITAL MÃE DE DEUS - RS;RS
 R$ 48.546,80 ;13/jan;;;OC10843-1176766;SP;MÃE DE DEUS - HOSPITAL MÃE DE DEUS - RS;RS
 R$ 202.356,18 ;13/jan;;;OC20387-1176973;PE;UNIONCO - PE;PE
 R$ 1.439,56 ;13/jan;;;OC11092-1177054;SP;CONFIARE SAUDE ASSISTENCIA DOMICILIAR - PE;PE
 R$ 8.030,50 ;13/jan;;;OC15571-1176648;DF;HOSPITAL DA UNIMED EM JUAZEIRO - BA;BA
 R$ 15.432,61 ;13/jan;;;OC15571-1176650;ES;HOSPITAL DA UNIMED EM JUAZEIRO - BA;BA
 R$ 10.710,57 ;13/jan;;;OC3104-1176525;RS;HOSPITAL UNIMED CAXIAS DO SUL;RS
 R$ 11.410,93 ;13/jan;;;OC3104-1176305;RS;HOSPITAL UNIMED CAXIAS DO SUL;RS
 R$ 5.985,79 ;13/jan;;;OC3104-1175730;RS;HOSPITAL UNIMED CAXIAS DO SUL;RS
 R$ 6.841,40 ;13/jan;;;OC3104-1176499;DF;HOSPITAL UNIMED CAXIAS DO SUL;RS
 R$ 44.185,16 ;13/jan;;;OC7114-1177253;DF;HOSPITAL UNIMED FEIRA DE SANTANA - BA;BA
 R$ 412,61 ;13/jan;;;OC20761-1177335;DF;SANTA CASA DE MISERICÓRDIA DE TATUÍ-SP;SP
 R$ 23.024,63 ;13/jan;;;OC13542-1177404;DF;INFUSION - CE;CE
 R$ 173.177,88 ;13/jan;;;OC10012-1177475;DF;LIGA CONTRA O CÂNCER DE NATAL - RN;RN
 R$ 7.200,00 ;13/jan;;;OC10012-1177474;PE;LIGA CONTRA O CÂNCER DE NATAL - RN;RN
 R$ 6.090,64 ;13/jan;;;OC15571-1177551;SP;HOSPITAL DA UNIMED EM JUAZEIRO - BA;BA
 R$ 18.271,92 ;13/jan;;;OC15571-1177539;SP;HOSPITAL DA UNIMED EM JUAZEIRO - BA;BA
 R$ 17.080,27 ;13/jan;;;OC7114-1177607;DF;HOSPITAL UNIMED FEIRA DE SANTANA - BA;BA
 R$ 1.014,30 ;13/jan;;;OC7429-1177598;ES;HIFA - CACHOEIRO - ES;ES
 R$ 10.199,49 ;16/jan;;;OC2975-1177761;PE;HOSPITAL PORTUGUÊS - BA;BA
 R$ 24.571,86 ;16/jan;;;OC3104-1177710;RS;HOSPITAL UNIMED CAXIAS DO SUL;RS
 R$ 22.705,48 ;16/jan;;;OC3104-1177667;RS;HOSPITAL UNIMED CAXIAS DO SUL;RS
 R$ 31.604,96 ;16/jan;;;OC19674-1177749;DF;SCMBH - HOSPITAL SANTA CASA - MG;MG
 R$ 36.814,41 ;16/jan;;;OC2975-1177762;SP;HOSPITAL PORTUGUÊS - BA;BA
 R$ 26.727,09 ;16/jan;;;OC19674-1177742;SP;SCMBH - HOSPITAL SANTA CASA - MG;MG
 R$ 1.006,89 ;16/jan;;;OC7429-1177974;ES;HIFA - CACHOEIRO - ES;ES
 R$ 16.843,34 ;16/jan;;;OC17357-1178012;ES;GRUPO SCMV - SANTA CASA DE VITORIA - ES;ES
 R$ 3.711,12 ;16/jan;;;OC10843-1177373;RS;MÃE DE DEUS - HOSPITAL MÃE DE DEUS - RS;RS
 R$ 37.208,16 ;16/jan;;;OC9621-1178269;RS;CÍRCULO HOSPITAL - RS;RS
 R$ 69.649,44 ;16/jan;;;OC9621-1178631;DF;CÍRCULO HOSPITAL - RS;RS
 R$ 1.136,07 ;16/jan;;;OC19597-1178574;DF;INTENSIVE CARE - RJ;RJ
 R$ 15.919,38 ;16/jan;;;OC13542-1178340;DF;INFUSION - CE;CE
 R$ 480,29 ;16/jan;;;OC2975-1178263;DF;HOSPITAL PORTUGUÊS - BA;BA
 R$ 652,86 ;16/jan;;;OC2975-1178264;SP;HOSPITAL PORTUGUÊS - BA;BA
 R$ 4.829,05 ;16/jan;;;OC13137-1178765;PE;SANTA CASA DE MISERICORDIA DE MACEIO - AL;AL
 R$ 43,03 ;17/jan;;;OC3104-1178725;RS;HOSPITAL UNIMED CAXIAS DO SUL;RS
 R$ 3.808,90 ;17/jan;;;OC17357-1179096;ES;GRUPO SCMV - SANTA CASA DE VITORIA - ES;ES
 R$ 1.156,40 ;17/jan;;;OC11220-1172261;SP;HCP GESTÃO - HOSPITAL SÃO SEBASTIÃO - PE;PE
 R$ 44.083,00 ;17/jan;;;OC3154-1176684;RS;MEDICINA PREVENTIVA (CAXIAS) RS;RS
 R$ 106.832,18 ;17/jan;;;OC3104-1176493;RS;HOSPITAL UNIMED CAXIAS DO SUL;RS
 R$ 189.750,60 ;17/jan;;;OC3104-1177672;DF;HOSPITAL UNIMED CAXIAS DO SUL;RS
 R$ 52.174,82 ;17/jan;;;OC3104-1177210;RS;HOSPITAL UNIMED CAXIAS DO SUL;RS
 R$ 37.943,69 ;17/jan;;;OC15571-1179126;SP;HOSPITAL DA UNIMED EM JUAZEIRO - BA;BA
 R$ 16.864,78 ;17/jan;;;OC15571-1179053;SP;HOSPITAL DA UNIMED EM JUAZEIRO - BA;BA
 R$ 1.019,50 ;17/jan;;;OC10843-1179265;RS;MÃE DE DEUS - HOSPITAL MÃE DE DEUS - RS;RS
 R$ 16.835,85 ;17/jan;;;OC3104-1178188;RS;HOSPITAL UNIMED CAXIAS DO SUL;RS
 R$ 12.138,34 ;17/jan;;;OC3104-1178040;RS;HOSPITAL UNIMED CAXIAS DO SUL;RS
 R$ 8.753,34 ;17/jan;;;OC15571-1179510;DF;HOSPITAL DA UNIMED EM JUAZEIRO - BA;BA
 R$ 161,76 ;17/jan;;;OC2975-1179507;DF;HOSPITAL PORTUGUÊS - BA;BA
 R$ 8.753,34 ;17/jan;;;OC15571-1179463;DF;HOSPITAL DA UNIMED EM JUAZEIRO - BA;BA
 R$ 1.285,92 ;17/jan;;;OC10843-1179269;DF;MÃE DE DEUS - HOSPITAL MÃE DE DEUS - RS;RS
 R$ 157.013,42 ;17/jan;;;OC11054-1178885;DF;CLINICA DE ONCOLOGIA E MASTOLOGIA DE NATAL - RN;RN
 R$ 5.719,50 ;17/jan;;;OC3104-1177954;DF;HOSPITAL UNIMED CAXIAS DO SUL;RS
 R$ 1.085,60 ;17/jan;;;OC20305-1179536;DF;DOM CLINICA DE ONCOLOGIA E HOSPITAL DIA LTDA - MG;MG
 R$ 43.680,00 ;17/jan;;;OC11054-1178889;SP;CLINICA DE ONCOLOGIA E MASTOLOGIA DE NATAL - RN;RN
 R$ 6.513,60 ;17/jan;;;OC6893-1179993;DF;SANTA MARCELINA - HOSPITAL SANTA MARCELINA - ITAQUERA SP;SP
 R$ 1.960,00 ;17/jan;;;OC3043-1180077;DF;HOSPITAL ICARAÍ - RJ;RJ
 R$ 63.424,39 ;18/jan;;;OC3104-1178782;RS;HOSPITAL UNIMED CAXIAS DO SUL;RS
 R$ 5.775,32 ;18/jan;;;OC15571-1179928;DF;HOSPITAL DA UNIMED EM JUAZEIRO - BA;BA
 R$ 714,02 ;18/jan;;;OC3104-1180183;RS;HOSPITAL UNIMED CAXIAS DO SUL;RS
 R$ 2.896,75 ;18/jan;;;OC10843-1180196;RS;MÃE DE DEUS - HOSPITAL MÃE DE DEUS - RS;RS
 R$ 7.648,33 ;18/jan;;;OC17357-1180413;ES;GRUPO SCMV - SANTA CASA DE VITORIA - ES;ES
 R$ 5.566,68 ;18/jan;;;OC10843-1180199;RS;MÃE DE DEUS - HOSPITAL MÃE DE DEUS - RS;RS
 R$ 30.257,95 ;18/jan;;;OC10843-1180198;RS;MÃE DE DEUS - HOSPITAL MÃE DE DEUS - RS;RS
 R$ 12.154,51 ;18/jan;;;OC10843-1180197;RS;MÃE DE DEUS - HOSPITAL MÃE DE DEUS - RS;RS
 R$ 7.422,24 ;18/jan;;;OC10843-1180195;RS;MÃE DE DEUS - HOSPITAL MÃE DE DEUS - RS;RS
 R$ 20.576,34 ;18/jan;;;OC10524-1180481;DF;SANTA MARCELINA - HOSPITAL CIDADE TIRADENTES - SP;SP
 R$ 38.609,92 ;18/jan;;;OC10843-1180123;RS;MÃE DE DEUS - HOSPITAL MÃE DE DEUS - RS;RS
 R$ 8.554,58 ;18/jan;;;OC10843-1179268;RS;MÃE DE DEUS - HOSPITAL MÃE DE DEUS - RS;RS
 R$ 13.124,24 ;18/jan;;;OC14378-1180868;SP2;CSS - CASA DE SAUDE DE SANTOS - SP;SP
 R$ 17.715,12 ;18/jan;;;OC14378-1181186;SP2;CSS - CASA DE SAUDE DE SANTOS - SP;SP
 R$ 163.637,42 ;18/jan;;;OC10012-1181218;DF;LIGA CONTRA O CÂNCER DE NATAL - RN;RN
 R$ 15.919,38 ;18/jan;;;OC14378-1181185;DF;CSS - CASA DE SAUDE DE SANTOS - SP;SP
 R$ 1.953,45 ;18/jan;;;OC6893-1181075;DF;SANTA MARCELINA - HOSPITAL SANTA MARCELINA - ITAQUERA SP;SP
 R$ 3.732,72 ;18/jan;;;OC10012-1181223;SP;LIGA CONTRA O CÂNCER DE NATAL - RN;RN
 R$ 30.841,88 ;18/jan;;;OC14378-1181298;SP2;CSS - CASA DE SAUDE DE SANTOS - SP;SP
 R$ 81.951,90 ;19/jan;;;OC15547-1181492;DF;HOSPITAL DA UNIMED EM PETROLINA - PE - (MV);PE
 R$ 8.753,34 ;19/jan;;;OC15571-1180951;DF;HOSPITAL DA UNIMED EM JUAZEIRO - BA;BA
 R$ 12.437,80 ;19/jan;;;OC6590-1181718;DF;HOSPITAL SÃO VICENTE DE PAULO - CE;CE
 R$ 496,33 ;19/jan;;;OC6893-1181758;DF;SANTA MARCELINA - HOSPITAL SANTA MARCELINA - ITAQUERA SP;SP
 R$ 12.048,80 ;19/jan;;;OC3104-1181297;RS;HOSPITAL UNIMED CAXIAS DO SUL;RS
 R$ 12.088,14 ;19/jan;;;OC3104-1179067;DF;HOSPITAL UNIMED CAXIAS DO SUL;RS
 R$ 6.703,11 ;19/jan;;;OC3104-1180079;DF;HOSPITAL UNIMED CAXIAS DO SUL;RS
 R$ 28.607,45 ;19/jan;;;OC3104-1180707;DF;HOSPITAL UNIMED CAXIAS DO SUL;RS
 R$ 39.096,00 ;19/jan;;;OC6893-1181726;SP2;SANTA MARCELINA - HOSPITAL SANTA MARCELINA - ITAQUERA SP;SP
 R$ 30.366,00 ;19/jan;;;OC14378-1182043;ES;CSS - CASA DE SAUDE DE SANTOS - SP;SP
 R$ 2.503,55 ;19/jan;;;OC2975-1180859;DF;HOSPITAL PORTUGUÊS - BA;BA
 R$ 42.353,28 ;19/jan;;;OC6893-1182104;DF;SANTA MARCELINA - HOSPITAL SANTA MARCELINA - ITAQUERA SP;SP
 R$ 715,33 ;19/jan;;;OC10524-1182148;DF;SANTA MARCELINA - HOSPITAL CIDADE TIRADENTES - SP;SP
 R$ 29.400,00 ;19/jan;;;OC19674-1182124;SP;SCMBH - HOSPITAL SANTA CASA - MG;MG
 R$ 1.345,88 ;19/jan;;;OC6893-1182107;SP2;SANTA MARCELINA - HOSPITAL SANTA MARCELINA - ITAQUERA SP;SP
 R$ 12.108,28 ;20/jan;;;OC13137-1182219;SP;SANTA CASA DE MISERICORDIA DE MACEIO - AL;AL
 R$ 8.988,75 ;20/jan;;;OC13137-1182048;PE;SANTA CASA DE MISERICORDIA DE MACEIO - AL;AL
 R$ 31.355,10 ;20/jan;;;OC10843-1181756;RS;MÃE DE DEUS - HOSPITAL MÃE DE DEUS - RS;RS
 R$ 184.288,95 ;20/jan;;;OC3104-1179361;RS;HOSPITAL UNIMED CAXIAS DO SUL;RS
 R$ 2.523,90 ;20/jan;;;OC15571-1181819;PE;HOSPITAL DA UNIMED EM JUAZEIRO - BA;BA
 R$ 4.376,67 ;20/jan;;;OC15571-1181571;DF;HOSPITAL DA UNIMED EM JUAZEIRO - BA;BA
 R$ 4.376,67 ;20/jan;;;OC15571-1182702;DF;HOSPITAL DA UNIMED EM JUAZEIRO - BA;BA
 R$ 17.080,27 ;20/jan;;;OC15571-1181816;DF;HOSPITAL DA UNIMED EM JUAZEIRO - BA;BA
 R$ 62.412,36 ;20/jan;;;OC12810-1181963;DF;HOSPITAL PRIMAVERA - SE;SE
 R$ 5.860,35 ;20/jan;;;OC15547-1182432;DF;HOSPITAL DA UNIMED EM PETROLINA - PE - (MV);PE
 R$ 19.817,88 ;20/jan;;;OC15571-1182047;DF;HOSPITAL DA UNIMED EM JUAZEIRO - BA;BA
 R$ 25.342,80 ;20/jan;;;OC12810-1181960;SP;HOSPITAL PRIMAVERA - SE;SE
 R$ 3.037,16 ;20/jan;;;OC3104-1182806;SP;HOSPITAL UNIMED CAXIAS DO SUL;RS
 R$ 1.075,51 ;20/jan;;;OC19965-1183165;DF;PEDIATRICS HOME CARE - SP;SP
 R$ 17.080,27 ;20/jan;;;OC7114-1183080;DF;HOSPITAL UNIMED FEIRA DE SANTANA - BA;BA
 R$ 1.400,64 ;20/jan;;;OC19965-1183163;SP;PEDIATRICS HOME CARE - SP;SP
 R$ 15.432,61 ;23/jan;;;OC17357-1183423;ES;GRUPO SCMV - SANTA CASA DE VITORIA - ES;ES
 R$ 36.351,82 ;23/jan;;;OC3104-1182809;RS;HOSPITAL UNIMED CAXIAS DO SUL;RS
 R$ 4.056,58 ;23/jan;;;OC13137-1183205;DF;SANTA CASA DE MISERICORDIA DE MACEIO - AL;AL
 R$ 5.700,26 ;23/jan;;;OC3104-1182802;DF;HOSPITAL UNIMED CAXIAS DO SUL;RS
 R$ 568,46 ;23/jan;;;OC3104-1183041;RS;HOSPITAL UNIMED CAXIAS DO SUL;RS
 R$ 4.502,20 ;23/jan;;;OC7733-1183637;PE;HOSPITAL NAPOLEAO LAUREANO MANTIDO PELA FUND LAUREANO - PB;PB
 R$ 12.122,88 ;23/jan;;;OC7733-1183639;SP;HOSPITAL NAPOLEAO LAUREANO MANTIDO PELA FUND LAUREANO - PB;PB
 R$ 49.143,72 ;23/jan;;;OC3104-1182695;RS;HOSPITAL UNIMED CAXIAS DO SUL;RS
 R$ 1.050,01 ;23/jan;;;OC2975-1183854;DF;HOSPITAL PORTUGUÊS - BA;BA
 R$ 133,40 ;23/jan;;;OC2975-1183037;DF;HOSPITAL PORTUGUÊS - BA;BA
 R$ 2.783,34 ;23/jan;;;OC2975-1183039;SP;HOSPITAL PORTUGUÊS - BA;BA
 R$ 12.245,76 ;23/jan;;;OC9621-1183920;DF;CÍRCULO HOSPITAL - RS;RS
 R$ 130.297,55 ;23/jan;;;OC9621-1184342;RS;CÍRCULO HOSPITAL - RS;RS
 R$ 32.517,03 ;23/jan;;;OC9621-1184341;RS;CÍRCULO HOSPITAL - RS;RS
 R$ 44.622,21 ;23/jan;;;OC9621-1184514;RS;CÍRCULO HOSPITAL - RS;RS
 R$ 129,25 ;24/jan;;;OC3104-1184273;RS;HOSPITAL UNIMED CAXIAS DO SUL;RS
 R$ 47.845,70 ;24/jan;;;OC4189-1184537;DF;FUABC - CENTRO UNIVERSITARIO FMABC;SP
 R$ 568,46 ;24/jan;;;OC3104-1184267;DF;HOSPITAL UNIMED CAXIAS DO SUL;RS
 R$ 1.057,40 ;24/jan;;;OC3043-1181826;DF;HOSPITAL ICARAÍ - RJ;RJ
 R$ 1.517,24 ;24/jan;;;OC2873-1184574;PE;HOSPITAL JAYME DA FONTE PE;PE
 R$ 1.016,10 ;24/jan;;;OC2873-1184570;SP;HOSPITAL JAYME DA FONTE PE;PE
 R$ 17.866,50 ;24/jan;;;OC17357-1184771;ES;GRUPO SCMV - SANTA CASA DE VITORIA - ES;ES
 R$ 19.200,00 ;24/jan;;;OC18378-1185044;DF;HOSPITAL DE OLHOS SANTA LUZIA - PE;PE
 R$ 25.833,61 ;24/jan;;;OC7114-1185036;DF;HOSPITAL UNIMED FEIRA DE SANTANA - BA;BA
 R$ 11.202,82 ;24/jan;;;OC20328-1184364;ES;HOSPITAL SANTA RITA DE CÁSSIA - ES;ES
 R$ 1.737,15 ;24/jan;;;OC2975-1185201;DF;HOSPITAL PORTUGUÊS - BA;BA
 R$ 43,80 ;24/jan;;;OC2975-1185202;SP;HOSPITAL PORTUGUÊS - BA;BA
 R$ 14.305,41 ;24/jan;;;OC20307-1185259;SP;DOM SETE LAGOAS CLINICA DE ONCOLOGIA E HOSPITAL DIA LTDA - MG;MG
 R$ 7.720,52 ;24/jan;;;OC20305-1185254;SP;DOM CLINICA DE ONCOLOGIA E HOSPITAL DIA LTDA - MG;MG
 R$ 1.352,16 ;24/jan;;;OC13137-1185270;SP;SANTA CASA DE MISERICORDIA DE MACEIO - AL;AL
 R$ 19.633,73 ;24/jan;;;OC13137-1185285;PE;SANTA CASA DE MISERICORDIA DE MACEIO - AL;AL
 R$ 19.316,20 ;24/jan;;;OC13137-1185289;DF;SANTA CASA DE MISERICORDIA DE MACEIO - AL;AL
 R$ 4.376,67 ;24/jan;;;OC15571-1185123;DF;HOSPITAL DA UNIMED EM JUAZEIRO - BA;BA
 R$ 17.449,24 ;24/jan;;;OC15571-1184190;DF;HOSPITAL DA UNIMED EM JUAZEIRO - BA;BA
 R$ 30.460,09 ;24/jan;;;OC10012-1185662;SP;LIGA CONTRA O CÂNCER DE NATAL - RN;RN
 R$ 47.369,81 ;24/jan;;;OC3104-1184038;DF;HOSPITAL UNIMED CAXIAS DO SUL;RS
 R$ 7.683,64 ;24/jan;;;OC3104-1184343;RS;HOSPITAL UNIMED CAXIAS DO SUL;RS
 R$ 12.154,51 ;24/jan;;;OC3104-1184042;RS;HOSPITAL UNIMED CAXIAS DO SUL;RS
 R$ 8.925,38 ;24/jan;;;OC3104-1183451;RS;HOSPITAL UNIMED CAXIAS DO SUL;RS
 R$ 40.209,56 ;24/jan;;;OC3104-1182961;RS;HOSPITAL UNIMED CAXIAS DO SUL;RS
 R$ 25.403,46 ;24/jan;;;OC3104-1181707;RS;HOSPITAL UNIMED CAXIAS DO SUL;RS
 R$ 2.891,40 ;24/jan;;;OC2873-1185775;PE;HOSPITAL JAYME DA FONTE PE;PE
 R$ 2.379,90 ;24/jan;;;OC12810-1185753;SP;HOSPITAL PRIMAVERA - SE;SE
 R$ 5.700,26 ;25/jan;;;OC3104-1185650;DF;HOSPITAL UNIMED CAXIAS DO SUL;RS
 R$ 6.703,11 ;25/jan;;;OC3104-1185653;SP;HOSPITAL UNIMED CAXIAS DO SUL;RS
 R$ 10.846,17 ;25/jan;;;OC17357-1186118;ES;GRUPO SCMV - SANTA CASA DE VITORIA - ES;ES
 R$ 29.630,17 ;25/jan;;;OC13137-1184620;DF;SANTA CASA DE MISERICORDIA DE MACEIO - AL;AL
 R$ 44.000,00 ;25/jan;;;OC3154-1185961;RS;MEDICINA PREVENTIVA (CAXIAS) RS;RS
 R$ 44.000,00 ;25/jan;;;OC3154-1184340;RS;MEDICINA PREVENTIVA (CAXIAS) RS;RS
 R$ 44.893,16 ;25/jan;;;OC3104-1183264;RS;HOSPITAL UNIMED CAXIAS DO SUL;RS
 R$ 203.070,00 ;25/jan;;;OC3104-1183274;DF;HOSPITAL UNIMED CAXIAS DO SUL;RS
 R$ 13.477,54 ;25/jan;;;OC20305-1186356;SP;DOM CLINICA DE ONCOLOGIA E HOSPITAL DIA LTDA - MG;MG
 R$ 8.075,28 ;25/jan;;;OC2975-1186397;PE;HOSPITAL PORTUGUÊS - BA;BA
 R$ 27.813,75 ;25/jan;;;OC13542-1186468;DF;INFUSION - CE;CE
 R$ 37.803,00 ;25/jan;;;OC11054-1186600;DF;CLINICA DE ONCOLOGIA E MASTOLOGIA DE NATAL - RN;RN
 R$ 126.010,00 ;25/jan;;;OC10012-1186589;DF;LIGA CONTRA O CÂNCER DE NATAL - RN;RN
 R$ 1.035,60 ;25/jan;;;OC11054-1186599;SP;CLINICA DE ONCOLOGIA E MASTOLOGIA DE NATAL - RN;RN
 R$ 63.244,90 ;25/jan;;;OC11054-1186601;PE;CLINICA DE ONCOLOGIA E MASTOLOGIA DE NATAL - RN;RN
 R$ 163.571,35 ;25/jan;;;OC10012-1186587;PE;LIGA CONTRA O CÂNCER DE NATAL - RN;RN
 R$ 11.020,04 ;25/jan;;;OC3043-1186726;SP;HOSPITAL ICARAÍ - RJ;RJ
 R$ 39.859,80 ;25/jan;;;OC18378-1186295;DF;HOSPITAL DE OLHOS SANTA LUZIA - PE;PE
 R$ 8.753,34 ;26/jan;;;OC15571-1186407;DF;HOSPITAL DA UNIMED EM JUAZEIRO - BA;BA
 R$ 15.563,27 ;26/jan;;;OC15571-1186401;DF;HOSPITAL DA UNIMED EM JUAZEIRO - BA;BA
 R$ 12.154,51 ;26/jan;;;OC15571-1186408;PE;HOSPITAL DA UNIMED EM JUAZEIRO - BA;BA
 R$ 1.259,04 ;26/jan;;;OC13137-1187472;PE;SANTA CASA DE MISERICORDIA DE MACEIO - AL;AL
 R$ 4.118,00 ;26/jan;;;OC10012-1188147;DF;LIGA CONTRA O CÂNCER DE NATAL - RN;RN
 R$ 10.800,00 ;26/jan;;;OC10012-1188142;PE;LIGA CONTRA O CÂNCER DE NATAL - RN;RN
 R$ 425,91 ;26/jan;;;OC3104-1186663;RS;HOSPITAL UNIMED CAXIAS DO SUL;RS
 R$ 4.376,67 ;26/jan;;;OC15571-1187855;DF;HOSPITAL DA UNIMED EM JUAZEIRO - BA;BA
 R$ 2.250,00 ;26/jan;;;OC7114-1188293;SP;HOSPITAL UNIMED FEIRA DE SANTANA - BA;BA
 R$ 14.511,18 ;26/jan;;;OC15571-1188209;PE;HOSPITAL DA UNIMED EM JUAZEIRO - BA;BA
 R$ 1.345,88 ;26/jan;;;OC15571-1187854;PE;HOSPITAL DA UNIMED EM JUAZEIRO - BA;BA
 R$ 88,20 ;26/jan;;;OC2975-1188366;DF;HOSPITAL PORTUGUÊS - BA;BA
 R$ 48.681,44 ;26/jan;;;OC3104-1188176;RS;HOSPITAL UNIMED CAXIAS DO SUL;RS
 R$ 18.542,75 ;26/jan;;;OC3104-1187196;RS;HOSPITAL UNIMED CAXIAS DO SUL;RS
 R$ 5.700,26 ;26/jan;;;OC3104-1188177;DF;HOSPITAL UNIMED CAXIAS DO SUL;RS
 R$ 10.138,02 ;27/jan;;;OC3043-1188632;ES;HOSPITAL ICARAÍ - RJ;RJ
 R$ 12.240,81 ;27/jan;;;OC6893-1188675;DF;SANTA MARCELINA - HOSPITAL SANTA MARCELINA - ITAQUERA SP;SP
 R$ 4.817,01 ;27/jan;;;OC12810-1188241;SP;HOSPITAL PRIMAVERA - SE;SE
 R$ 34.839,00 ;27/jan;;;OC10843-1188516;RS;MÃE DE DEUS - HOSPITAL MÃE DE DEUS - RS;RS
 R$ 4.664,61 ;27/jan;;;OC14840-1188947;PE;HOSPITAL SANTA HELENA - BA;BA
 R$ 1.052,81 ;27/jan;;;OC11092-1189167;SP;CONFIARE SAUDE ASSISTENCIA DOMICILIAR - PE;PE
 R$ 37.294,92 ;27/jan;;;OC7114-1189161;DF;HOSPITAL UNIMED FEIRA DE SANTANA - BA;BA
 R$ 12.950,21 ;27/jan;;;OC12810-1188236;DF;HOSPITAL PRIMAVERA - SE;SE
 R$ 2.347,59 ;27/jan;;;OC11092-1189166;PE;CONFIARE SAUDE ASSISTENCIA DOMICILIAR - PE;PE
 R$ 21.421,10 ;30/jan;;;OC3104-1189355;RS;HOSPITAL UNIMED CAXIAS DO SUL;RS
 R$ 191.592,03 ;30/jan;;;OC3104-1188978;RS;HOSPITAL UNIMED CAXIAS DO SUL;RS
 R$ 265.377,68 ;30/jan;;;OC3104-1189513;DF;HOSPITAL UNIMED CAXIAS DO SUL;RS
 R$ 2.891,40 ;30/jan;;;OC2873-1189715;PE;HOSPITAL JAYME DA FONTE PE;PE
 R$ 2.965,86 ;30/jan;;;OC19718-1189815;RS;HOSPITAL UNIVERSITARIO DE CANOAS - FUNAM - RS;RS
 R$ 1.241,14 ;30/jan;;;OC12833-1189759;DF;ASSISTE VIDA ITABUNA - BA;BA
 R$ 41.318,65 ;30/jan;;;OC10843-1189352;DF;MÃE DE DEUS - HOSPITAL MÃE DE DEUS - RS;RS
 R$ 41.318,65 ;30/jan;;;OC10843-1189368;DF;MÃE DE DEUS - HOSPITAL MÃE DE DEUS - RS;RS
 R$ 59.801,34 ;30/jan;;;OC15571-1189716;SP;HOSPITAL DA UNIMED EM JUAZEIRO - BA;BA
 R$ 1.090,24 ;30/jan;;;OC6418-1190003;DF;ASSISTE VIDA ATENÇÃO DOMICILIAR - BA;BA
 R$ 40.206,00 ;30/jan;;;OC10843-1189993;DF;MÃE DE DEUS - HOSPITAL MÃE DE DEUS - RS;RS
 R$ 38.216,06 ;30/jan;;;OC12247-1190254;DF;ASSOCIACAO DE CARIDADE SANTA CASA DE RIO GRANDE - RS;RS
 R$ 4.961,26 ;30/jan;;;OC10843-1190047;RS;MÃE DE DEUS - HOSPITAL MÃE DE DEUS - RS;RS
 R$ 4.020,03 ;30/jan;;;OC9621-1190423;RS;CÍRCULO HOSPITAL - RS;RS
 R$ 9.237,75 ;30/jan;;;OC9621-1190426;DF;CÍRCULO HOSPITAL - RS;RS
 R$ 13.477,54 ;30/jan;;;OC20305-1190407;SP;DOM CLINICA DE ONCOLOGIA E HOSPITAL DIA LTDA - MG;MG
 R$ 53.347,67 ;30/jan;;;OC10012-1190541;SP;LIGA CONTRA O CÂNCER DE NATAL - RN;RN
 R$ 247,94 ;30/jan;;;OC2975-1190463;DF;HOSPITAL PORTUGUÊS - BA;BA
 R$ 288.000,00 ;30/jan;;;OC10012-1190543;DF;LIGA CONTRA O CÂNCER DE NATAL - RN;RN
 R$ 5.828,28 ;30/jan;;;OC2975-1190498 ;PE;HOSPITAL PORTUGUÊS - BA;BA
 R$ 52.972,87 ;30/jan;;;OC10012-1190542;PE;LIGA CONTRA O CÂNCER DE NATAL - RN;RN
 R$ 6.729,40 ;30/jan;;;OC13542-1190504;PE;INFUSION - CE;CE
 R$ 6.478,03 ;30/jan;;;OC2875-1190781;PE;HGU - HOSPITAL GERAL E URGÊNCIA - PE;PE
 R$ 155.960,68 ;30/jan;;;OC20387-1190822;DF;UNIONCO - PE;PE
 R$ 5.828,28 ;30/jan;;;OC20387-1190830;PE;UNIONCO - PE;PE
 R$ 942,64 ;31/jan;;;OC10843-1190375;RS;MÃE DE DEUS - HOSPITAL MÃE DE DEUS - RS;RS
 R$ 8.320,51 ;31/jan;;;OC13137-1190575;DF;SANTA CASA DE MISERICORDIA DE MACEIO - AL;AL
 R$ 4.580,80 ;31/jan;;;OC13137-1190581;SP;SANTA CASA DE MISERICORDIA DE MACEIO - AL;AL
 R$ 5.225,85 ;31/jan;;;OC3104-1190148;RS;HOSPITAL UNIMED CAXIAS DO SUL;RS
 R$ 38.241,79 ;31/jan;;;OC3104-1190302;DF;HOSPITAL UNIMED CAXIAS DO SUL;RS
 R$ 46.921,77 ;31/jan;;;OC3104-1190300;SP;HOSPITAL UNIMED CAXIAS DO SUL;RS
 R$ 1.837,46 ;31/jan;;;OC20328-1191396;ES;HOSPITAL SANTA RITA DE CÁSSIA - ES;ES
 R$ 386,00 ;31/jan;;;OC6893-1191589;ES;SANTA MARCELINA - HOSPITAL SANTA MARCELINA - ITAQUERA SP;SP
 R$ 2.129,55 ;31/jan;;;OC6893-1191590;SP2;SANTA MARCELINA - HOSPITAL SANTA MARCELINA - ITAQUERA SP;SP
 R$ 37,14 ;31/jan;;;OC6893-1191596;DF;SANTA MARCELINA - HOSPITAL SANTA MARCELINA - ITAQUERA SP;SP
 R$ 13.675,91 ;31/jan;;;OC20305-1191722;SP;DOM CLINICA DE ONCOLOGIA E HOSPITAL DIA LTDA - MG;MG
 R$ 3.396,44 ;31/jan;;;OC17357-1191716;ES;GRUPO SCMV - SANTA CASA DE VITORIA - ES;ES
 R$ 4.753,62 ;31/jan;;;OC20328-1191695;ES;HOSPITAL SANTA RITA DE CÁSSIA - ES;ES
 R$ 6.562,14 ;31/jan;;;OC20328-1191699;ES;HOSPITAL SANTA RITA DE CÁSSIA - ES;ES
 R$ 85.942,36 ;31/jan;;;OC20328-1191231;ES;HOSPITAL SANTA RITA DE CÁSSIA - ES;ES
 R$ 944,28 ;31/jan;;;OC10012-1192405;SP;LIGA CONTRA O CÂNCER DE NATAL - RN;RN
 R$ 38.038,79 ;31/jan;;;OC20328-1192309;ES;HOSPITAL SANTA RITA DE CÁSSIA - ES;ES
 R$ 4.376,67 ;31/jan;;;OC15547-1191707;DF;HOSPITAL DA UNIMED EM PETROLINA - PE - (MV);PE
 R$ 4.376,67 ;31/jan;;;OC15571-1191702;DF;HOSPITAL DA UNIMED EM JUAZEIRO - BA;BA
 R$ 450,22 ;31/jan;;;OC3104-1191474;RS;HOSPITAL UNIMED CAXIAS DO SUL;RS
 R$ 2.923,28 ;31/jan;;;OC3104-1191718;RS;HOSPITAL UNIMED CAXIAS DO SUL;RS
 R$ 31,82 ;31/jan;;;OC3104-1191801;RS;HOSPITAL UNIMED CAXIAS DO SUL;RS
 R$ 6.784,86 ;31/jan;;;OC7114-1192770;DF;HOSPITAL UNIMED FEIRA DE SANTANA - BA;BA
;;;;;;;
;;;;;;;
;;;;;;;
R$ 12.253.691,29;;;;;;;
