2704;ABRAXANE 100MG 1FRASCO;UNITED MEDICAL;Convênio ICMS 162/94;SP
1495;ACETATO DE ABIRATERONA 250MG C/120 COMP ( GEN);DR REDDYS;Convênio ICMS 132/21;SP
2401;ACETATO DE ABIRATERONA 250MG C/120 COMP (GEN)Sunpharma;SUN PHARMA;Convênio ICMS 132/21;SP
3069;ACETATO DE ABIRATERONA 250MG C/120CP (SANDOZ);SANDOZ;Convênio ICMS 132/21;SP
14;ACIDO ZOLEDRONICO 4MG - 1 FA 5ML (GEN);EUROFARMA;Convênio ICMS 162/94;SP
1;ACLASTA 5MG/100ML-SOLUCAO INJETAVEL 100ML;SANDOZ;Convênio ICMS 140/01;SP
926;ACTEMRA 162MG SOL INJ SC C/4SERINGAS PREENCHIDAS;ROCHE;Tributado;PE
322;ACTEMRA 200MG/10ML- 1FRASCO AMPOLA;ROCHE;Tributado;PE
3144;ACTEMRA 400MG/20ML- 1FRASCO AMPOLA;ROCHE;Tributado;PE
3924;ADAKVEO 100MG C/10ML;NOVARTIS;Tributado;PE
2242;ADCETRIS 50 MG PÓ LIOF;TAKEDA;Convênio ICMS 132/21;SP
75;AFINITOR 10MG - 30 COMPRIMIDOS;NOVARTIS;Convênio ICMS 162/94;SP
605;AFINITOR 2,5MG C/30 COMPRIMIDOS;NOVARTIS;Convênio ICMS 162/94;SP
76;AFINITOR 5MG - 30 COMPRIMIDOS;NOVARTIS;Convênio ICMS 162/94;SP
318;AGRYLIN 0,5MG C/100 CAPSULAS;TAKEDA;Tributado;PE
454;AGULHA BD PARA CANETA 4MM 32G C/100 (VERDE);BD-BECTON DICKINSON INDUSTRIAIS CIRURGICAS;Tributado;PE
336;AGULHA BD PARA CANETA 5MM 31G (ROXA) C/100;BD-BECTON DICKINSON INDUSTRIAIS CIRURGICAS;Tributado;PE
339;AGULHA NOVOFINE 32G 0,25 X 6MM - 100 UNIDADES;NOVO NORDISK;Tributado;PE
1271;AGULHA NOVOFINE 32G 4MM - 100 UNIDADES;NOVO NORDISK;Tributado;PE
3071;AJOVY 150MG SER PREENCHIDA  C/1,5ML;TEVA;Tributado;PE
1691;AKYNZEO C/1 COMP;UNITED MEDICAL;Convênio ICMS 132/21;SP
2366;ALECENSA 150 MG 224 CP;ROCHE;Convênio ICMS 132/21;SP
582;ALIMTA 100MG FA PO LIOFILO INJETAVEL;ELI LILLY;Convênio ICMS 162/94;SP
340;ALIMTA 500MG FA - PO LIOFILO INJETAVEL;ELI LILLY;Convênio ICMS 162/94;SP
669;ALKERAN 2 MG C/ 25 COMPRIMIDOS;ASPEN PHARMA;Tributado;PE
2333;ALKERAN 50 MG C/ 10 ML;ASPEN PHARMA;Tributado;PE
2516;AMBISOME 50 MG FRASCO 10 FRASCOS;UNITED MEDICAL;Tributado;PE
2792;AMGEVITA 50MG/ML 2 CANETAS C/ 0,8 ML CADA ;AMGEN;Tributado;PE
577;ANASTROLIBBS 1MG C/30 COMPRIMIDOS;LIBBS;Convênio ICMS 162/94;SP
44;ANASTROZOL 1MG - 30 COMPRIMIDOS (GEN);EUROFARMA;Convênio ICMS 162/94;SP
196;APIDRA FRASCO - 1 FA C/10ML - (1000UI) ;SANOFI-AVENTIS;Tributado;PE
142;APIDRA REFIL 100UI/ML - 1 REFIL DE 3ML (300UI);SANOFI-AVENTIS;Tributado;PE
6;ARIMIDEX 1MG- 28 COMPRIMIDOS REVESTIDOS;ASTRAZENECA ;Convênio ICMS 162/94;SP
7;AROMASIN 25MG- 30 DRAGEAS;WYETH;Convênio ICMS 132/21;SP
1944;ATRED 100 MG PO LIOF  C/ 1 FA;LIBBS;Convênio ICMS 162/94;SP
1946;ATRED 500 MG PO LIOF C/ 1 FA;LIBBS;Convênio ICMS 162/94;SP
1253;AUBAGIO 14MG C/30 COMP (C1);GENZYME;Tributado;PE
9;AVASTIN 100MG -25MG/ML.SOL.INJ P/ INFUSAO IV-FA 4 ML;ROCHE;Convênio ICMS 162/94;SP
8;AVASTIN 400MG-25MG/ML.SOL.INJ P/ INFUSAO IV-FA 16ML;ROCHE;Convênio ICMS 162/94;SP
1411;AVONEX 30MCG/0,5 ML SOL INJ C/4 SER;BIOGEN;Tributado;PE
2766;AZACITIDINA 100MG FA (UNITED);UNITED MEDICAL;Convênio ICMS 162/94;SP
2037;BAVENCIO 20MG/ML SOL C/10ML;MERCK SERONO;Convênio ICMS 132/21;SP
3270;BENLYSTA 200MG/ML C/4 SERINGAS + CANETA APLIC;GLAXO SMITH;Tributado;PE
1714;BENLYSTA IV 120MG/5ML C/1FA;GLAXO SMITH;Tributado;PE
1715;BENLYSTA IV 400MG/20ML C/1FA;GLAXO SMITH;Tributado;PE
652;BICALUTAMIDA 50MG C/30 COMPRIMIDOS (GEN);EUROFARMA;Convênio ICMS 162/94;SP
536;BOSENTANA 125MG C/ 60 COMPRIMIDOS (GEN);JANSSEN;Tributado;PE
537;BOSENTANA 62,5MG C/ 60 COMPRIMIDOS (GEN);JANSSEN;Tributado;PE
2530;BOTOX 100 U;ALLERGAN;Tributado;PE
1437;BOZORED 3,5MG C/1FA;DR REDDYS;Convênio ICMS 162/94;SP
1339;B-PLATIN 450MG/ 45ML C/1 FA;BLAUSIEGEL;Convênio ICMS 162/94;SP
3581;BRENZYS 50MG/ML C/4 SERINGAS PREENCHIDAS;ORGANON;Tributado;PE
2977;BRIDION 100MG/ML C/10 FA 2ML;MERCK SHARP;Tributado;PE
3889;BRUKINSA 80MG C/120 CAPS;ZODIAC;Tributado;PE
2407;CABOMETYX 20 MG C/ 30 CP ;IPSEN;Tributado;PE
2409;CABOMETYX 40 MG C/ 30 CP ;IPSEN;Tributado;PE
2410;CABOMETYX 60 MG C/ 30 CP ;IPSEN;Tributado;PE
2562;CALQUENCE 100 MG 60 CAP;ASTRAZENECA ;Convênio ICMS 132/21;SP
2406;CAPECITABINA 150 MG C/120CP (GEN);SUN PHARMA;Convênio ICMS 162/94;SP
3891;CAPECITABINA 150MG C/60 COMP;BERGAMO;Tributado;PE
3890;CAPECITABINA 500MG C/120 COMP;AMGEN;Convênio ICMS 162/94;SP
895;CAPECITABINA 500MG C/120CP (GEN);SUN PHARMA;Convênio ICMS 162/94;SP
840;CAPRELSA 100MG C/30 COMPRIMIDOS;SANOFI-AVENTIS;Convênio ICMS 132/21;SP
714;CAPRELSA 300 MG C/30 COMPRIMIDOS;SANOFI-AVENTIS;Convênio ICMS 132/21;SP
18;CASODEX 50MG- 28 COMPRIMIDOS REVESTIDOS;ASTRAZENECA ;Convênio ICMS 162/94;SP
19;CELLCEPT 500MG- 50 COMPRIMIDOS;ROCHE;Tributado;PE
20;CERTICAN 0,5MG- 60 COMPRIMIDOS;NOVARTIS;Tributado;PE
21;CERTICAN 0,75MG- 60 COMPRIMIDOS;NOVARTIS;Tributado;PE
22;CERTICAN 1,0MG- 60 COMPRIMIDOS;NOVARTIS;Tributado;PE
25;CETROTIDE 0,25MG- 1 FA PO LIOF 0,25MG + 1 SER DIL;MERCK SERONO;Tributado;PE
568;CHORIOMON M PO LIOF 5000 UI INJ IM/SC CX FA IN + DIL AMP VD INC X1 ML;UCB BIOPHARMA ;Tributado;PE
759;CIMZIA 200MG/ML C/2 SERINGAS ;UCB BIOPHARMA ;Tributado;PE
3692;CLEXANE 100MG- 10 SER PREENCHIDAS C/1ML;SANOFI-AVENTIS;Tributado;PE
592;CLEXANE 100MG C/2 SERINGAS 1ML;SANOFI-AVENTIS;Tributado;PE
235;CLEXANE 20MG- 10 SER PREENCHIDAS 0,2ML C/SIST SEGURANÇA ;SANOFI-AVENTIS;Tributado;PE
234;CLEXANE 40MG- 10 SER PREENCHIDAS 0,4ML C/SIST SEGURANÇA;SANOFI-AVENTIS;Tributado;PE
35;CLEXANE 60MG- 2 SER PREENCHIDAS 0,6ML C/ SIST SEGURANÇA;SANOFI-AVENTIS;Tributado;PE
3696;CLEXANE 80MG- 10 SER PREENCHIDAS C/0,8ML;SANOFI-AVENTIS;Tributado;PE
36;CLOMID 50MG- 10 COMPRIMIDOS;MEDLEY;Tributado;PE
2996;CLORIDRATO DE VALGANCICLOVIR 450MG C/60 CP ;DR REDDYS;Tributado;PE
2963;COAMA 500MG C/120 COMPRIMIDOS;EMS - SIGMA FARMA;Convênio ICMS 162/94;SP
1559;COPAXONE 40MG/ML C/ 12 SERINGAS PREENCHIDA 1 ML CADA;TEVA;Tributado;PE
3843;CORAMENT MMX 9MG C/30 COMPRIMIDOS;FERRING;Tributado;PE
2992;CORRETAL 500MG C/120 COMPRIMIDOS;EUROFARMA;Convênio ICMS 162/94;SP
1095;COSDERM LOÇÃO HIDRATANTE C/120ML;COPELI;Tributado;PE
1041;COSENTYX 150MG C/1 CANETA PREENCHIDA;NOVARTIS;Tributado;PE
3984;COSENTYX 300MG 2MLX1 LIQ AUTOINJETOR;NOVARTIS;Tributado;PE
3401;COSENTYX 75MG C/1SER 0,5ML;NOVARTIS;Tributado;PE
1117;COTELLIC TABLETS 20MG C/63 COMP;ROCHE;Tributado;PE
2648;C-PLATIN  50MG/50 ML;BLAUSIEGEL;Convênio ICMS 140/01;SP
38;CRINONE - GEL VAGINAL 8  - 15 APLICADORES;MERCK SERONO;Tributado;PE
3016;CUBICIN 500MG 10ML C/1FA;MERCK SHARP;Tributado;PE
2626;CYRAMZA 100 MG /10 ML;ELI LILLY;Convênio ICMS 132/21;SP
2627;CYRAMZA 500 MG /50 ML;ELI LILLY;Convênio ICMS 132/21;SP
341;DDAVP 0,1MG- 30 COMPRIMIDOS;FERRING;Tributado;PE
41;DDAVP 0,2MG- 30 COMPRIMIDOS;FERRING;Tributado;PE
347;DDAVP 4MCG/ML-INJETAVEL CAIXA C/10 AMPOLAS;FERRING;Tributado;PE
3384;DENSIS 5MG C/100ML;MOMENTA;Convênio ICMS 140/01;SP
1228;DIU ANDALAN CLASSIC CU 380;DKT;Tributado;PE
1229;DIU ANDALAN COMFORT CU 375;DKT;Tributado;PE
1230;DIU ANDALAN COMFORT MINI CU 375;DKT;Tributado;PE
1365;DIU ANDALAN SILVERFLEX CU 380 AG;DKT;Tributado;PE
2910;DIU ANDALAN SILVERFLEX MINI CU 380 AG;DKT;Tributado;PE
469;DIU OPTMA TCU 380A;INJEFLEX;Tributado;PE
2354;DOCELIBBS 120MG C/1FA 6ML ;LIBBS;Convênio ICMS 162/94;SP
2356;DOCELIBBS 20 MG/1ML OR (NOVO);LIBBS;Convênio ICMS 162/94;SP
2357;DOCELIBBS 80MG/4ML OR (NOVO);LIBBS;Convênio ICMS 162/94;SP
628;DOCETAXEL 80MG C/6ML DE DILUENTE (GEN);GLENMARK;Convênio ICMS 162/94;SP
3784;DOVATO 50MG/300MG C/30 COMPRIMIDOS;GLAXO SMITH;Tributado;PE
353;DOXOPEG 20MG SUPENSAO INJETAVEL-1FA 10ML;ZODIAC;Convênio ICMS 162/94;SP
43;DUPHASTON 10MG- 28 COMPRIMIDOS REVESTIDOS;ABBOTT;Tributado;PE
2856;DUPIXENT 200MG (175MG/ML) C/2 SERINGAS PREENCHIDAS (1,14ML);SANOFI-AVENTIS;Tributado;PE
2237;DUPIXENT 300 MG (150MG/ML) - C/ 2 SERINGAS PREENCHIDAS DE 2ML;SANOFI-AVENTIS;Tributado;PE
1342;DYSPORT 300UI - PO LIOFILO INJ C/1FA;IPSEN;Tributado;PE
725;DYSPORT 500UI - PO LIOFILO INJ C/1FA;IPSEN;Tributado;PE
1336;ELIGARD 22,5MG PÓ LIOF + DILUENTE;ZODIAC;Convênio ICMS 162/94;SP
2762;ELIGARD 45 MG PÓ LIOF + DILUENTE;ZODIAC;Convênio ICMS 162/94;SP
3983;ELOME 3,5MG INJ C/1FA;EUROFARMA;Convênio ICMS 162/94;SP
599;ELONVA 100MCG SOL INJ C/1 SER 0,5ML;ORGANON;Tributado;PE
600;ELONVA 150MCG SOL INJ C/1 SER 0,5ML;ORGANON;Tributado;PE
658;EMEND INJETAVEL 150MG;MERCK SHARP;Convênio ICMS 132/21;SP
2921;EMGALITY 100MG C/3 SERINGAS;ELI LILLY;Tributado;PE
2806;EMGALITY 120MG C/1 AUTO INJETOR PRE PRENCHIDO 1ML;ELI LILLY;Tributado;PE
47;ENBREL 25MG- 4FA+4SER PREENC C/1ML AGUA P/INJ+4ADAP+4AGUL+8LENÇ;PFIZER;Tributado;PE
2556;ENBREL PFS 50 MG MYCLIC5 C/4 CANETAS DUPLO CLICK;PFIZER;Tributado;PE
48;ENBREL PFS 50MG-4 SER PREENC+4 LENÇOS ;PFIZER;Tributado;PE
3557;ENHERTU 100MG 1AMP;SANKYO;Tributado;PE
1349;ENOXALOW 60MG C/10 SERINGAS;BLAUSIEGEL;Tributado;PE
974;ENTYVIO 300MG C/1 FA;TAKEDA;Tributado;PE
2916;EPOSIDO 100MG C/10 FRASCOS;BLAUSIEGEL;Convênio ICMS 162/94;SP
504;EPREX 10 MIL C/6 SERINGAS PREENCHIDAS 1ML;JANSSEN;Convênio ICMS 132/21;SP
3245;EPREX 4.000 C/6 SERINGAS PREENCHIDAS 0,4ML CADA;JANSSEN;Convênio ICMS 132/21;SP
52;EPREX 40 MIL UI (0,336MG)- 01 SERINGA PREENCHIDA DE 1ML;JANSSEN;Convênio ICMS 132/21;SP
230;ERBITUX 5MG/ML C/20ML;MERCK SERONO;Convênio ICMS 162/94;SP
1380;ERBITUX 5MG/ML SOL INJ 1 FA DE 100ML;MERCK SERONO;Convênio ICMS 162/94;SP
3142;ERELZI 50MG/ML C/4 CANETAS;SANDOZ;Tributado;PE
3143;ERELZI 50MG/ML C/4 SERINGAS;SANDOZ;Tributado;PE
2821;ERFANDEL 3MG C/56 COMPRIMIDOS;JANSSEN;Convênio ICMS 132/21;SP
2826;ERFANDEL 4MG C/28 COMPRIMIDOS;JANSSEN;Convênio ICMS 132/21;SP
2825;ERFANDEL 4MG C/56 COMPRIMIDOS;JANSSEN;Convênio ICMS 132/21;SP
2823;ERFANDEL 5MG C/28 COMPRIMIDOS;JANSSEN;Convênio ICMS 132/21;SP
1176;ERIVEDGE 150MG C/28 CAPS;ROCHE;Tributado;PE
2200;ERLEADA 60MG C/120 COMPRIMIDOS;JANSSEN;Convênio ICMS 132/21;SP
1056;ESBRIET 267MG 270 CAPS;ROCHE;Tributado;PE
2014;EUFLEXXA 10 MG/ ML C/3 SERINGAS 2 ML;FERRING;Tributado;PE
3232;EVENITY 90MG/ML C/2 SERINGAS PREENCHIDA;AMGEN;Tributado;PE
2580;EVEROLIMO 10 MG C/ 28 COMPRIMIDOS (GEN);NATCOFARMA;Convênio ICMS 162/94;SP
2579;EVEROLIMO 5 MG C/ 28 COMPRIMIDOS;NATCOFARMA;Convênio ICMS 162/94;SP
2976;EVOBRIG 180 MG TABS 28 PC ;TAKEDA;Convênio ICMS 132/21;SP
3235;EVOBRIG 30MG C/28 COMP;TAKEDA;Convênio ICMS 132/21;SP
2975;EVOBRIG 90MG 7 CP+180MG 21 CP TABS;TAKEDA;Convênio ICMS 132/21;SP
3216;EVOBRIG 90MG C/28 COMP;TAKEDA;Convênio ICMS 132/21;SP
3204;EVRYSDI 0.75MG/1ML PO SOL X 80 ML + 2 SER DOS X 12 ML;ROCHE;Tributado;PE
3831;EVUSHELD LQD 150 (TIXAGEVIMAB)/150MG (CILGAVIMAB) C/2FR 1.5ML CD;ASTRAZENECA ;Tributado;PE
2284;EXEMESTANO 25MG C/30 CP (GEN) ACCORD;ACCORD ;Convênio ICMS 132/21;SP
2402;EXEMESTANO 25MG C/30 CP (GEN) Sunpharma;SUN PHARMA;Convênio ICMS 132/21;SP
63;EXJADE 125MG- 28 COMPRIMIDOS DISPERSIVEIS;NOVARTIS;Convênio ICMS 162/94;SP
64;EXJADE 250MG- 28 COMPRIMIDOS DISPERSIVEIS;NOVARTIS;Convênio ICMS 162/94;SP
65;EXJADE 500MG- 28 COMPRIMIDOS DISPERSIVEIS;NOVARTIS;Convênio ICMS 162/94;SP
4084;EXTRATO DE CANNABIS SATIVA GREENCARE 160,32 MG/ML C/10ML;GREENCARE ;Tributado;PE
4083;EXTRATO DE CANNABIS SATIVA GREENCARE 79,14 MG/ML C/30ML;GREENCARE ;Tributado;PE
763;EYLIA 40MG/ML C/1FA;BAYER;Tributado;PE
2219;FABRAZYME 35 PO LIOFILO C/1FA;SANOFI-AVENTIS;Tributado;PE
1190;FAMPYRA 10 MG COM 28 COMPRIMIDOS;BIOGEN;Tributado;PE
2036;FASENRA  30MG/ML X 1ML C/1 FA;ASTRAZENECA ;Tributado;PE
222;FASLODEX 250MG/5ML 2 SERINGA PRENCHIDA DE 5ML CADA;ASTRAZENECA ;Convênio ICMS 162/94;SP
1974;FAULBLASTINA 10 MG / 10 ML 5 FA;LIBBS;Convênio ICMS 162/94;SP
1919;FAULDACAR 200MG PO LIOF C/1FA;LIBBS;Convênio ICMS 162/94;SP
1918;FAULDACAR 600MG PO LIOF C/1FA;LIBBS;Convênio ICMS 162/94;SP
1929;FAULDCARBO 150 MG / 15 ML INJ FA;LIBBS;Convênio ICMS 162/94;SP
1928;FAULDCARBO 450 MG / 45 ML INJ FA;LIBBS;Convênio ICMS 162/94;SP
1927;FAULDCARBO 50 MG / 5 ML INJ FA;LIBBS;Convênio ICMS 162/94;SP
1932;FAULDCISPLA 100MG / 100 ML INJ FA;LIBBS;Convênio ICMS 162/94;SP
1931;FAULDCISPLA 10MG / 10 ML INJ FA;LIBBS;Convênio ICMS 162/94;SP
1933;FAULDCISPLA 50 MG /50 ML INJ FA;LIBBS;Convênio ICMS 162/94;SP
1949;FAULDCITA 1G /10ML INJ C/ 1 FA;LIBBS;Convênio ICMS 162/94;SP
1948;FAULDCITA 500 MG / 5ML INJ C/ 5 FA;LIBBS;Convênio ICMS 162/94;SP
1381;FAULDFLUOR 2,5 G C/1FA C/50ML;LIBBS;Convênio ICMS 162/94;SP
1930;FAULDFLUOR 500 MG / 10 ML INJ C/ 5 FA;LIBBS;Convênio ICMS 162/94;SP
1951;FAULDLEUCO 300MG / 30ML INJ C/1FA;LIBBS;Convênio ICMS 162/94;SP
1934;FAULDLEUCO 50MG / 5ML INJ C/1FA;LIBBS;Convênio ICMS 162/94;SP
1936;FAULDMETRO 1G / 10ML C/1FA;LIBBS;Convênio ICMS 162/94;SP
1945;FAULDMETRO 500MG / 20 ML C/1 FA;LIBBS;Convênio ICMS 162/94;SP
1950;FAULDMETRO 50MG / 2 ML C/5 FA;LIBBS;Convênio ICMS 162/94;SP
1940;FAULDMETRO 5G/ 50ML C/1 FA ;LIBBS;Convênio ICMS 162/94;SP
1920;FAULDOXO 10MG/5ML C/1FA;LIBBS;Convênio ICMS 162/94;SP
1922;FAULDOXO 50MG/25ML C/1FA;LIBBS;Convênio ICMS 162/94;SP
1976;FAULDVINCRI 1 MG / 1ML INJ 5 FA ;LIBBS;Convênio ICMS 162/94;SP
67;FEMARA- 28 COMPRIMIDOS REVESTIDOS DE 2,5MG;NOVARTIS;Convênio ICMS 162/94;SP
1549;FEMIGESTROL 160 MG C/ 30 CP;BERGAMO;Tributado;PE
2243;FERINJECT INJET 1 AMP X 10 ML;BLANVER;Tributado;PE
2889;FIASP 100UI/ML C/1 FA 10ML;NOVO NORDISK;Tributado;PE
2891;FIASP FLEXTOUCH UI100 1X3 ML;NOVO NORDISK;Tributado;PE
2890;FIASP PENFILL 100U/ML 5X3ML;NOVO NORDISK;Tributado;PE
1383;FINGOLIMODE (CLORIDRATO) 0,5MG C/28CP- GEN;EMS - SIGMA FARMA;Tributado;PE
750;FIRMAGON 120MG C/2 FA;FERRING;Convênio ICMS 132/21;SP
749;FIRMAGON 80MG C/1FA;FERRING;Convênio ICMS 132/21;SP
1977;FLUDALIBBS  50 MG  PÓ LIO INJ 5 FA;LIBBS;Convênio ICMS 162/94;SP
1090;FOLINATO DE CALCIO FR C/30ML (300MG) C/10 FA EURO;EUROFARMA;Convênio ICMS 162/94;SP
708;FORTEO COLTER PEN 250MCG/ML EM CANETA INJ 2,4 ML ;ELI LILLY;Tributado;PE
2783;FOSAPREPITANTO DIMEGLUMINA 150 MG 1 FA;DR REDDYS;Convênio ICMS 132/21;SP
70;FOSTIMON 150UI- 1 FA PO LIOF + 1 AMP DIL 1ML;UCB BIOPHARMA ;Tributado;PE
71;FOSTIMON 75UI- 1 FA PO LIOF + 1 AMP DIL 1ML;UCB BIOPHARMA ;Tributado;PE
1325;GAZYVA VIALS 1000 MG/40ML ;ROCHE;Tributado;PE
3942;GEFITINIBE 250MG C/30 COMP (GENERICO);NATCOFARMA;Convênio ICMS 162/94;SP
1118;GEMZAR 1G C/1 FA ;ELI LILLY;Convênio ICMS 162/94;SP
3244;GEMZAR 200MG C/1 FA ;ELI LILLY;Convênio ICMS 162/94;SP
1978;GENLIBBS 1 GR C/ 1 FA;LIBBS;Convênio ICMS 162/94;SP
1926;GENLIBBS 200 MG FA;LIBBS;Convênio ICMS 162/94;SP
1401;GENOTROPIN GOQUICK 16UI (5,3MG) CANETA PREENCHIDA (C5);WYETH;Tributado;TO
864;GENOTROPIN GOQUICK 36UI (12MG) CANETA PREENCHIDA;WYETH;Tributado;TO
3682;GENUXAL 200MG C/1 AMPOLA;BAXTER;Convênio ICMS 162/94;SP
260;GENUXAL 50MG-50 COMP REVESTIDOS;BAXTER;Convênio ICMS 162/94;SP
590;GILENYA 0,5MG C/28 CAPS(FINGOLIMODE);NOVARTIS;Tributado;PE
1214;GIOTRIF 30MG COM 28 COMPRIMIDOS;BOEHRINGER;Convênio ICMS 132/21;SP
1179;GIOTRIF 40 MG COM 28 COMPRIMIDOS;BOEHRINGER;Convênio ICMS 132/21;SP
1384;GLIMATIN 100MG C/60 COMP;EMS - SIGMA FARMA;Convênio ICMS 140/01;SP
1360;GLIMATIN 400MG C/30 COMP;EMS - SIGMA FARMA;Convênio ICMS 140/01;SP
82;GLIVEC 100MG-  60 COMPRIMIDOS REVESTIDOS;NOVARTIS;Convênio ICMS 140/01;SP
83;GLIVEC 400MG - 30 COMPRIMIDOS REVESTIDOS;NOVARTIS;Convênio ICMS 140/01;SP
678;GLUCAGEN HYPOKIT ;NOVO NORDISK;Tributado;PE
649;GONAL F PEN 300UI (22MCG)/0,5ML;MERCK SERONO;Tributado;PE
647;GONAL F PEN 450UI (33MCG)/0,75ML ;MERCK SERONO;Tributado;PE
646;GONAL F PEN 900UI (66MCG)/1,5ML ;MERCK SERONO;Tributado;PE
88;GONAPEPTYL DAILY 0,1MG/ML- 7 SERINGAS DE 1ML;FERRING;Tributado;PE
107;GRANULOKINE 30MU (300MCG)/0,5ML  - 1 SERINGA PREENCHIDA;AMGEN;Convênio ICMS 132/21;SP
294;GRANULOKINE 30MU/ML(300MCG) C/ 4 FA 1ML cada;AMGEN;Convênio ICMS 132/21;SP
1277;HALAVEN 1MG/2ML C/1 FA;EISAI;Tributado;PE
203;HEMAX 10.000 UI - 1 FA DE PO LIOF + 1 AMP DIL 1ML;ACHE-BIOSINTETICA;Convênio ICMS 132/21;SP
91;HEMAX 4.000 UI- 1 FA DE PO LIOF + 1 AMP DIL 2ML;ACHE-BIOSINTETICA;Convênio ICMS 132/21;SP
2162;HEMCIBRA VIALS 105 MG / 0,7 ML FA;ROCHE;Tributado;PE
3203;HEMCIBRA VIALS 150 MG /1ML FA;ROCHE;Tributado;PE
2160;HEMCIBRA VIALS 30 MG / 1 ML FA;ROCHE;Tributado;PE
2161;HEMCIBRA VIALS 60 MG / 0,4 ML FA;ROCHE;Tributado;PE
92;HEPAMAX 5 MIL UI/ML- 25 FA DE 5ML CADA;BLAUSIEGEL;Tributado;PE
96;HERCEPTIN 440MG - 1 FRASCO 440MG + 1 FRASCO DIL 20ML;ROCHE;Convênio ICMS 162/94;SP
1248;HERCEPTIN SC 600MG/5ML 1VIAL ;ROCHE;Convênio ICMS 162/94;SP
882;HUMALOG 1 FA C/10ML;ELI LILLY;Tributado;PE
2475;HUMALOG KWIKPEN 100UI/ML 3 ML - 5 CANETAS;ELI LILLY;Tributado;PE
881;HUMALOG REFIL C/5 CARPULES DE 3ML CADA;ELI LILLY;Tributado;PE
1335;HUMAPEN LUXURA HD - CANETA ;ELI LILLY;Tributado;PE
2379;HUMIRA  AC 20MG/0,2ML - 2 SER PRENC.+ LENCOS ALCOOL;ABBVIE;Tributado;PE
2385;HUMIRA  AC PEN 80MG/0,8ML 1 CANETA + LENCOS ALCOOL;ABBVIE;Tributado;PE
809;HUMIRA AC PEN 40MG/0,4ML -SOL INJETAVEL- 2 CANETAS+2 LENCOS ALCOOL;ABBVIE;Tributado;PE
2974;HYRIMOZ 40MG/0,8ML C/2 CANETAS PRÉ-PRENCHIDAS;SANDOZ;Tributado;PE
2973;HYRIMOZ 40MG/0,8ML C/2 SER PRÉ-PRENCHIDAS;SANDOZ;Tributado;PE
1586;IBRANCE 100MG CAP/21CAPS;WYETH;Convênio ICMS 132/21;SP
1587;IBRANCE 125MG CAP/21CAPS;WYETH;Convênio ICMS 132/21;SP
1585;IBRANCE 75MG C/21 CAPS;WYETH;Convênio ICMS 132/21;SP
751;ILARIS 150MG C/1AMP;NOVARTIS;Tributado;PE
1161;IMBRUVICA 140MG C/120 CPS;JANSSEN;Convênio ICMS 132/21;SP
903;IMBRUVICA 140MG C/90 CPS;JANSSEN;Convênio ICMS 132/21;SP
1543;IMFINZI 120MG C/2,4ML SOL INJ;ASTRAZENECA ;Convênio ICMS 132/21;SP
1545;IMFINZI 500MG C/10ML SOL INJ;ASTRAZENECA ;Convênio ICMS 132/21;SP
1199;IMPLANON NXT- 1 APLICADOR COM IMPLANTE DE 68MG;ORGANON;Tributado;PE
101;IMUNOGLOBULIN 5G- 1 FA 100ML;BLAUSIEGEL;Tributado;PE
1082;INLYTA 1MG C/180 COMP;WYETH;Convênio ICMS 132/21;SP
952;INLYTA 5MG C/60 COMP;WYETH;Convênio ICMS 132/21;SP
106;INVANZ - 1 FA DE 1G;MERCK SHARP;Tributado;PE
754;INVEGA SUSTENNA 100MG C/1SER 1ML (C1);JANSSEN;Tributado;PE
755;INVEGA SUSTENNA 150MG C/1SER 1,5ML (C1);JANSSEN;Tributado;PE
3943;INVEGA SUSTENNA 50MG C/1 SER (C1);JANSSEN;Tributado;PE
671;INVEGA SUSTENNA 75MG C/1SER 0,75ML (C1);JANSSEN;Tributado;PE
2499;INVEGA TRINZA 175MG SYR - SERINGA LIBERACAO PROLONGADA (C1);JANSSEN;Tributado;PE
2500;INVEGA TRINZA 263 MG SYR - SERINGA LIBERACAO PROLONGADA (C1);JANSSEN;Tributado;PE
2502;INVEGA TRINZA 350 MG SYR - SERINGA LIBERACAO PROLONGADA (C1);JANSSEN;Tributado;PE
2503;INVEGA TRINZA 525 MG SYR - SERINGA LIBERACAO PROLONGADA (C1);JANSSEN;Tributado;PE
431;IRESSA 250MG C/30 COMPRIMIDOS REVESTIDOS;ASTRAZENECA ;Convênio ICMS 162/94;SP
3945;IRINOTECANO 100MG C/1 FA (EUROFARMA) GENERICO;EUROFARMA;Convênio ICMS 162/94;SP
3197;JAKAVI 10MG C/60 CP;NOVARTIS;Convênio ICMS 132/21;SP
941;JAKAVI 15MG C/60 CP;NOVARTIS;Convênio ICMS 132/21;SP
946;JAKAVI 20MG C/60 CP;NOVARTIS;Convênio ICMS 132/21;SP
931;JAKAVI 5MG C/60CP;NOVARTIS;Convênio ICMS 132/21;SP
3946;JEMPERLI 50MG/ML C/1FA 10ML;GLAXO SMITH;Tributado;PE
732;KADCYLA 100MG C/1 FA;ROCHE;Tributado;PE
733;KADCYLA 160MG C/1FA;ROCHE;Tributado;PE
2850;KANJINTI 980 FDP BR 150mg 1VI LYO;AMGEN;Convênio ICMS 162/94;SP
2851;KANJINTI 980 FDP BR 420mg 1VI MD LYO;AMGEN;Convênio ICMS 162/94;SP
3452;KESIMPTA 20 MG/0,4 ML SOL INJ 1CAN;NOVARTIS;Tributado;PE
2217;KEYTRUDA 100MG/4ML SOL INJ C/1FA;MERCK SHARP;Tributado;PE
2035;KISQALI 200 MG 63 CP;NOVARTIS;Convênio ICMS 132/21;SP
653;KIT DIU ESTERIL;KOLPLAST;Tributado;PE
3388;KOSELUGO 10MG C/60 COMPRIMIDOS;ASTRAZENECA ;Tributado;PE
3453;KOSELUGO 25MG C/60 COMPRIMIDOS;ASTRAZENECA ;Tributado;PE
2870;KYLEENA DIU 19,5MG;BAYER;Tributado;PE
1270;KYPROLIS 60MG SOL INJ C/1FA;AMGEN;Convênio ICMS 132/21;SP
112;LANTUS SOLOSTAR-100UI/ML-1 CARPULE 3ML+1 CAN APLIC DESCARTAVEL;SANOFI-AVENTIS;Tributado;PE
673;LANVIS 40MG C/ 25 CP;ASPEN PHARMA;Convênio ICMS 162/94;SP
113;LECTRUM 3,75MG -1 FA +1 AMP DIL.+1 SER. DESCARTAVEL+2 AGU;SANDOZ;Convênio ICMS 162/94;SP
308;LECTRUM 7,5MG -1 FA +1 AMP DIL.+1 SER. DESCARTAVEL+2 AGU;SANDOZ;Convênio ICMS 162/94;SP
1353;LEMTRADA 12MG  - 1,2 ML SOL DIL INFUS;SANOFI-AVENTIS;Tributado;PE
1275;LENVIMA 10MG C/30 CPS;EISAI;Tributado;PE
1276;LENVIMA 4MG C/30 CPS;EISAI;Tributado;PE
2403;LETROZOL 2,5MG - 28COMPRIMIDOS (GEN) sunpharma;SUN PHARMA;Convênio ICMS 140/01;SP
195;LETROZOL 2,5MG - 30 COMPRIMIDOS (GEN);EUROFARMA;Convênio ICMS 162/94;SP
666;LEUKERAN 2MG C/25 COMPRIMIDOS;ASPEN PHARMA;Convênio ICMS 162/94;SP
571;LEVEMIR FLEXPEN-01 SIST.APLIC. PRENC.DE 3ML CADA-100UI/ML;NOVO NORDISK;Tributado;PE
115;LEVEMIR PENFIL- 05 CARPULES DE 100 UI/ML DE 3ML;NOVO NORDISK;Tributado;PE
2536;LIBTAYO 350 MG / ML ( 50 MG/ML);SANOFI-AVENTIS;Tributado;PE
2928;LONQUEX 10MG SOLUÇÃO INJETÁVEL;TEVA;Convênio ICMS 132/21;SP
3022;LORBRENA 100MG C/30 COMPRIMIDOS;WYETH;Tributado;PE
4156;LORBRENA 25MG C/90 COMPRIMIDOS;PFIZER;Tributado;PE
2575;LUCENTIS 10MG / ML SERINGA PREENCHIDA 0,165 ML;NOVARTIS;Tributado;PE
117;LUCENTIS 10MG 0.23 ML AMP + AF;NOVARTIS;Tributado;PE
3895;LUMAKRAS 120MG C/2FR 120CP CADA;AMGEN;Tributado;PE
2279;LYNPARZA 100 MG 56 COMPRIMIDOS;ASTRAZENECA ;Convênio ICMS 132/21;SP
2244;LYNPARZA 150 MG 56 COMPRIMIDOS;ASTRAZENECA ;Convênio ICMS 132/21;SP
123;MABTHERA 100MG- 02 FA DE 10ML;ROCHE;Convênio ICMS 140/01;SP
124;MABTHERA 500MG- 01 FA DE 50ML;ROCHE;Convênio ICMS 140/01;SP
925;MABTHERA SC 1400MG/11,7ML C/1VIAL;ROCHE;Convênio ICMS 140/01;SP
2236;MATIZ  250MG C/120 COMP ;EUROFARMA;Convênio ICMS 132/21;SP
2705;MAVENCLAD 10 MG 1 CP;MERCK SERONO;Tributado;PE
2022;MAVIRET 100MG/40MG C/84 COMP;ABBVIE;Tributado;PE
1400;MEKINIST 0,5MG 30 CP;NOVARTIS;Convênio ICMS 132/21;SP
1256;MEKINIST 2MG 30 CP;NOVARTIS;Convênio ICMS 132/21;SP
2979;MENOPUR MD 600UI C/1 FA + 1 SER PREE C/1 DIL DE 1ML + 9SER (NOVO MS);FERRING;Tributado;PE
2222;MERIONAL 75UI - 1 FR + DIL 1ML;UCB BIOPHARMA ;Tributado;PE
623;MESILATO DE IMATINIBE 100MG C/60 COMPRIMIDOS (GEN);EUROFARMA;Convênio ICMS 140/01;SP
624;MESILATO DE IMATINIBE 400MG C/30 COMPRIMIDOS (GEN);EUROFARMA;Convênio ICMS 140/01;SP
1382;MEVATYL 27MG/ML + 25MG/ML C/3 FR 10 ml cada  SPRAY (A);IPSEN;Tributado;PE
1344;MICOFENOLATO DE MOFETILA 500MG C/50 COMP (GEN);ACCORD ;Tributado;PE
1434;MICOFENOLATO DE SODIO 360MG C/50CP;ACCORD ;Tributado;PE
518;MIMPARA 30MG C/30 COMPRIMIDOS;AMGEN;Tributado;PE
856;MIRENA  EVO 1ENDOCEPTIVO+ 1INSERTOR;BAYER;Tributado;PE
3246;MONOFER 100MG/ML C/1FA 10ML ;WYETH;Tributado;PE
3230;MONOFER 100MG/ML C/1FA 5ML ;WYETH;Tributado;PE
333;MYFORTIC 180MG C/120 COMPRIMIDOS;NOVARTIS;Tributado;PE
367;MYFORTIC 360MG C/120 COMPRIMIDOS;NOVARTIS;Tributado;PE
1183;MYOZYME 50MG PO LIOFILO C/1FA;SANOFI-AVENTIS;Tributado;PE
692;NAVELBINE ORAL 20MG C/1 CAPSULA;BLANVER;Convênio ICMS 162/94;SP
693;NAVELBINE ORAL 30MG C/1 CAPSULA;BLANVER;Convênio ICMS 162/94;SP
387;NEO DECAPEPTYL LP 11,25MG SUSPENSAO INJ C/2ML;ACHE-BIOSINTETICA;Convênio ICMS 162/94;SP
3001;NEO DECAPEPTYL LP 22,5MG SUSPENSAO INJ C/2ML;ACHE-BIOSINTETICA;Convênio ICMS 162/94;SP
534;NEO DECAPEPTYL LP 3,75MG SUSPENSAO INJ C/2ML;ACHE-BIOSINTETICA;Convênio ICMS 162/94;SP
581;NEULASTIM 10MG/ML SOL INJ CT SER PREENCH VD TRANS X 0,6 ML;AMGEN;Convênio ICMS 132/21;SP
133;NEXAVAR 200MG- 60 COMPRIMIDOS REVESTIDOS;BAYER;Convênio ICMS 162/94;SP
2603;NINLARO 2,3 MG COM 3 CAPS;TAKEDA;Convênio ICMS 132/21;SP
2413;NINLARO 3 MG COM 3 CAPS;TAKEDA;Convênio ICMS 132/21;SP
1985;NINLARO 4 MG COM 3 CAPS;TAKEDA;Convênio ICMS 132/21;SP
135;NOLVADEX D 20MG- 30 COMPRIMIDOS;ASTRAZENECA ;Convênio ICMS 162/94;SP
3101;NORDITROPIN FLEXPRO 10MG/1,5 ML (30UI) (C5);NOVO NORDISK;Tributado;TO
3102;NORDITROPIN FLEXPRO 15MG/1,5 ML (45UI) (C5);NOVO NORDISK;Tributado;TO
3100;NORDITROPIN FLEXPRO 5MG/1,5 ML (15UI) (C5);NOVO NORDISK;Tributado;TO
818;NOVOLIN R PENFILL C/5 REFIS 3ML CADA;NOVO NORDISK;Tributado;PE
435;NOVOMIX 30 FLEXPEN-05 SIST.APLIC. PRENC.DE 3ML CADA-100UI/ML;NOVO NORDISK;Tributado;PE
661;NOVOMIX 30 PENFILL 05 AMPOLAS PRENC.DE 3ML CADA 100UI/ML;NOVO NORDISK;Tributado;PE
663;NOVOPEN 4 BLUE;NOVO NORDISK;Tributado;PE
1252;NOVOPEN ECHO RED;NOVO NORDISK;Tributado;PE
491;NOVORAPID FLEXPEN-01 SIST.APLIC. PRENC.DE 3ML CADA-100UI/ML;NOVO NORDISK;Tributado;PE
462;NOVORAPID FRASCO C/10ML;NOVO NORDISK;Tributado;PE
204;NOVORAPID PENFIL 100UI/ML -  5 CARPULES DE 3ML;NOVO NORDISK;Tributado;PE
2043;NOXAFIL ORAL SUSP 40MG/ML c/ 105 ML;MERCK SHARP;Tributado;PE
2494;N-PLATE 250MCG PO LIOF SOL;AMGEN;Tributado;PE
2900;NUBEQA 300MG C/120 COMP;BAYER;Convênio ICMS 132/21;SP
3269;NUCALA 100 MG/ML SOL INJ CANETA  APLIC + AGULHA;GLAXO SMITH;Tributado;PE
1713;NUCALA 100MG PO LIOF SOL INJ C/1FA;GLAXO SMITH;Tributado;PE
1603;OCREVUS VIAL 300MG C/1 FA 10ML;ROCHE;Tributado;PE
793;OESTROGEL PUMP GEL 0,6MG/G C/80G;BESINS HEALTHCARE;Tributado;PE
1328;OFEV 100 MG 60 CPS;BOEHRINGER;Convênio ICMS 132/21;SP
932;OFEV 150 MG 60 CPS;BOEHRINGER;Convênio ICMS 132/21;SP
2364;OLUMIANT 2MG C/ 30 CP;ELI LILLY;Tributado;PE
2325;OLUMIANT 4MG C/ 30 CP;ELI LILLY;Tributado;PE
981;OMNITROPE 10 MG/1,5 ML (30UI) (C5);SANDOZ;Tributado;TO
982;OMNITROPE 15MG/1,5 ML (45UI) (C5);SANDOZ;Tributado;TO
1924;ONTAX 100MG C/ 16,7 ML FA;LIBBS;Convênio ICMS 162/94;SP
1925;ONTAX 150 MG C/ 25 ML FA;LIBBS;Convênio ICMS 162/94;SP
1923;ONTAX 30 MG C/ 5 ML FA;LIBBS;Convênio ICMS 162/94;SP
3285;ONTAX 300 C/1 FRASCO;LIBBS;Convênio ICMS 162/94;SP
3506;ONTRUZANT 150MG C/1FA;ORGANON;Convênio ICMS 162/94;SP
3507;ONTRUZANT 440MG C/1FA;ORGANON;Convênio ICMS 162/94;SP
776;ORENCIA SC 125MG C/4 SER PREENCHIDAS;BRISTOL-MYERS SQUIBB;Tributado;PE
138;ORGALUTRAN 0,25MG/0,5ML-1 SER. PRENC. C/ 0,5ML DE SOL.;ORGANON;Tributado;PE
748;OVIDREL F-PEN 250 MCG C/0,5ML;MERCK SERONO;Tributado;PE
1942;OXALIBBS LIQ 100MG/20ML SOL INJ C/1FA;LIBBS;Convênio ICMS 162/94;SP
1917;OXALIBBS LIQ 50MG/10ML SOL INJ C/1FA;LIBBS;Convênio ICMS 162/94;SP
1091;OXALIPLATINA 100MG C/10FA (GEN) EUROFARMA;EUROFARMA;Convênio ICMS 162/94;SP
3922;OXALIPLATINA 100MG C/1FA (EUROFARMA);EUROFARMA;Convênio ICMS 162/94;SP
2287;OZEMPIC 0,25MG + 0,5MG  1,5 ML CANETA C/ 6 AGULHAS;NOVO NORDISK;Tributado;PE
2433;OZURDEX 0,7 MG C/ APLICADOR DOSE UNICA;ALLERGAN;Tributado;PE
3985;PAXLOVID 150+100MG 30COMP;PFIZER;Tributado;PE
634;PEMETREXEDE 500MG C/1 FRASCO AMPOLA DE 30ML (GEN);GLENMARK;Convênio ICMS 162/94;SP
342;PENTASA 500MG-50 COMPRIMIDOS DE LIBERAÇAO PROLONGADA;FERRING;Tributado;PE
344;PENTASA ENEMA 1G-10MG/ML-7 ENEMAS COM FRASCO APLICADOR 100ML;FERRING;Tributado;PE
406;PENTASA SACHE 1G- 50 SACHES;FERRING;Tributado;PE
2155;PENTASA SACHE 2G- 15 SACHES;FERRING;Tributado;PE
451;PENTASA SACHE 2G- 30 SACHES;FERRING;Tributado;PE
348;PENTASA SUPOSITORIO 1G- 28 UNIDADES;FERRING;Tributado;PE
384;PERGOVERIS 150UI/75UI PO INJ FR 1ML;MERCK SERONO;Tributado;PE
2430;PERGOVERIS PEN 300/150 UI  - 0,48 ML;MERCK SERONO;Tributado;PE
2431;PERGOVERIS PEN 450/ 225 UI - 0,72 ML;MERCK SERONO;Tributado;PE
2432;PERGOVERIS PEN 900 / 450 UI - 1,44 ML;MERCK SERONO;Tributado;PE
659;PERJETA 420MG/14ML 1 FA;ROCHE;Tributado;PE
3809;PHESGO 1200/600MG/15ML 1VIAL SC;ROCHE;Tributado;PE
3810;PHESGO 600/600MG/10ML 1VIAL SC;ROCHE;Tributado;PE
2605;PIQRAY 150 MG COM 28 COMPRIMIDOS;NOVARTIS;Convênio ICMS 132/21;SP
2833;PIQRAY 150MG C/56 COMPRIMIDOS;NOVARTIS;Convênio ICMS 132/21;SP
2607;PIQRAY 200 MG + 50 MG C/28 (14 DE CADA) COMPRIMIDOS;NOVARTIS;Convênio ICMS 132/21;SP
2608;PIQRAY 200 MG COM 28 COMPRIMIDOS;NOVARTIS;Convênio ICMS 132/21;SP
2834;PIQRAY 200MG + 50MG C/56 (28 DE CADA) COMPRIMIDOS;NOVARTIS;Convênio ICMS 132/21;SP
2378;POEMMY (FULVESTRANTO)50MG/ML C/2 SER - 5 ML CADA;LIBBS;Convênio ICMS 162/94;SP
1319;PRALUENT 150MG/ML C/1 CANETA AUTOINJET ;SANOFI-AVENTIS;Tributado;PE
1198;PRALUENT 75MG/ML 2 CANETA  AUTOINJET ;SANOFI-AVENTIS;Tributado;PE
660;PRIMOGYNA  2MG C/ 28 CP;BAYER;Tributado;PE
3923;PROEXTY 25MG C/ 30 COMP;EUROFARMA;Tributado;PE
940;PROGRAF 1MG C/100 CAPS;ASTELLAS;Tributado;PE
1035;PROGRAF 5MG C/50 CAPS;ASTELLAS;Tributado;PE
1037;PROGRAF XL 1MG C/50 CAPS;ASTELLAS;Tributado;PE
1039;PROGRAF XL 5MG C/50 CAPS;ASTELLAS;Tributado;PE
596;PROLIA 60MG SOL INJ SER PREENCHIDA C/ 1ML;AMGEN;Convênio ICMS 132/21;SP
146;PUREGON PEN 300UI- CARTUCHO C/1 CARPULE DE 0,480ML+6 AGU;ORGANON;Tributado;PE
149;PURINETHOL 50MG- 25 COMPRIMIDOS;ASPEN PHARMA;Convênio ICMS 162/94;SP
1444;RAPAMUNE 1MG C/ 60 CP;WYETH;Tributado;PE
983;RAPAMUNE 2 MG C/ 30 CP;WYETH;Tributado;PE
2492;RARIJA 250MG COM REV OR CT FR PLAS OPC X 120;TEVA;Tributado;PE
150;REBIF 22MCG - 12 SERINGAS PREENCHIDAS 0,5ML;MERCK SERONO;Tributado;PE
151;REBIF 44MCG- 12 SERINGAS PREENCHIDAS 0,5ML;MERCK SERONO;Tributado;PE
1510;REKOVELLE 12MCG CAN APLIC PREENC C/0,36 ML+3AG;FERRING;Tributado;PE
1511;REKOVELLE 36MCG CAN APLIC PREENC C/1,08 ML+6AG;FERRING;Tributado;PE
1512;REKOVELLE 72MCG CAN APLIC PREENC C/2,16ML+9AG;FERRING;Tributado;PE
154;REMICADE- 1 FA 10ML DE 10MG/ML;JANSSEN;Tributado;PE
4074;RENEHAVIS C/1 SER (LMW 15,4MG/ HMW 7,0MG);BIOLAB;Tributado;PE
986;REPATHA 140MG C/1 CANETAS PREENCHIDAS (140MG );BIOLAB;Tributado;PE
980;REPATHA 140MG C/2 CANETAS PREENCHIDAS (140MG CADA CANETA);BIOLAB;Tributado;PE
579;REVOLADE 25MG CX C/ 14 COMP;NOVARTIS;Convênio ICMS 132/21;SP
540;REVOLADE 50MG CX C/ 14 COMP;NOVARTIS;Convênio ICMS 132/21;SP
1143;RILUZOL 50MG C/56 COMP (GEN);CRISTALIA;Tributado;PE
2940;RINVOQ 15MG C/30 COMP;ABBVIE;Tributado;PE
2505;RIXIMYO 100MG- 02 FA DE 10ML;SANDOZ;Convênio ICMS 140/01;SP
2504;RIXIMYO 500MG- 01 FA DE 50ML;SANDOZ;Convênio ICMS 140/01;SP
3823;RYBELSUS 14MG C/30 COMPRIMIDOS;NOVO NORDISK;Tributado;PE
3820;RYBELSUS 3MG C/30 COMPRIMIDOS;NOVO NORDISK;Tributado;PE
3822;RYBELSUS 7MG C/30 COMPRIMIDOS;NOVO NORDISK;Tributado;PE
2225;RYDAPT  25MG 112 CAPS;NOVARTIS;Convênio ICMS 132/21;SP
729;SAIZEN LIQ 12MG (36UI) (8,0 MG/ML) C/1FA X1,5ML;MERCK SERONO;Tributado;TO
730;SAIZEN LIQ 20MG(60UI) (8,0 MG/ML) C/1FA X2,5ML;MERCK SERONO;Tributado;TO
728;SAIZEN LIQ 6MG (18UI) (5,83 MG/ML) C/1FA X1,03ML;MERCK SERONO;Tributado;TO
162;SANDIMMUN 50MG/ML- 10 AMP 1ML;NOVARTIS;Tributado;PE
163;SANDIMMUN 50MG/ML- 10 AMP 5ML;NOVARTIS;Tributado;PE
164;SANDIMMUN NEORAL 100MG- 50 CAPSULAS DE GELATINA MOLE;NOVARTIS;Tributado;PE
165;SANDIMMUN NEORAL 25MG- 50 CAPSULAS DE GELATINA MOLE;NOVARTIS;Tributado;PE
166;SANDIMMUN NEORAL 50MG- 50 CAPSULAS DE GELATINA MOLE;NOVARTIS;Tributado;PE
74;SANDIMMUN NEORAL100MG/ML - 01 FA DE 50ML SOLUCAO;NOVARTIS;Tributado;PE
720;SANDOSTATIN 0,05MG 1ML C/ 5AMP;NOVARTIS;Convênio ICMS 162/94;SP
199;SANDOSTATIN 0,1MG/ML - 5 AMPOLAS DE 1ML;NOVARTIS;Convênio ICMS 162/94;SP
233;SANDOSTATIN 0,5MG/ML-5 AMPOLAS DE 1ML P/INJEÇAO S.C/I.V;NOVARTIS;Convênio ICMS 162/94;SP
927;SANDOSTATIN LAR MPVI 10 MG (NOVO DILUENTE);NOVARTIS;Convênio ICMS 162/94;SP
876;SANDOSTATIN LAR MPVI 20 MG (NOVO DILUENTE);NOVARTIS;Convênio ICMS 162/94;SP
875;SANDOSTATIN LAR MPVI 30 MG (NOVO DILUENTE);NOVARTIS;Convênio ICMS 162/94;SP
988;SAXENDA 6MG/ML  C/3 SISTEMAS DE APLICAÇÃO C/3ML CADA;NOVO NORDISK;Tributado;PE
3400;SIMPONI 100MG C/1 CANET AUTO INJETOR;JANSSEN;Tributado;PE
544;SIMPONI 50MG/0,5ML SERINGA PREENCHIDA COM CANETA APLICADORA;JANSSEN;Tributado;PE
1684;SIMULECT 20MG C/1FA;NOVARTIS;Tributado;PE
2543;SKYRIZI 75MG/0,83ML 2 SERINGAS PRONTAS PARA USO;ABBVIE;Tributado;PE
2587;SOMATULINE AUTOGEL 120 MG SERINGA 0,5 ML;IPSEN;Tributado;PE
2612;SOMATULINE AUTOGEL 60MG SERINGA 0,5ML;IPSEN;Tributado;PE
3299;SOMATULINE AUTOGEL 90MG SERINGA 0,5ML;IPSEN;Tributado;PE
853;SOVALDI 400MG C/28 COMP;GILEAD;Tributado;PE
1081;SPORTVIS 12MG/1,2ML C/1 SER PREENC;BIOLAB;Tributado;PE
550;SPRYCEL 100MG - 30 COMPRIMIDOS;BRISTOL-MYERS SQUIBB;Convênio ICMS 162/94;SP
436;SPRYCEL 20MG - 60 COMPRIMIDOS;BRISTOL-MYERS SQUIBB;Convênio ICMS 162/94;SP
3300;STELARA 130 MG/1ML C/1 FA;JANSSEN;Tributado;PE
973;STELARA 45MG/0,5ML C/1 SER PREENCHIDA;JANSSEN;Tributado;PE
1550;STELARA 90 MG/1ML C/1 SER PREENCHIDA;JANSSEN;Tributado;PE
947;STIVARGA 40MG C/84 COMP;BAYER;Convênio ICMS 132/21;SP
586;SUPRAHYAL DUO 10MG/ML (25MG) SER PREENCHIDA 2,5ML;ZODIAC;Tributado;PE
877;SUTENT 12,5MG C/28 CAPS;WYETH;Convênio ICMS 140/01;SP
821;SUTENT 25MG C/ 28 CAPS;WYETH;Convênio ICMS 140/01;SP
820;SUTENT 50MG C/28 CAPS;WYETH;Convênio ICMS 140/01;SP
193;SYNAGIS 100MG - 1 FA C/1ML;ASTRAZENECA ;Tributado;PE
1191;SYNAGIS 50MG - 1 FA C/0,5ML;ASTRAZENECA ;Tributado;PE
3480;TABRECTA  200MG C/120 COMP;NOVARTIS;Tributado;PE
3955;TABRECTA 150MG C/120 COMP;NOVARTIS;Tributado;PE
1588;TAFINLAR 50MG C/120 CAPS;NOVARTIS;Convênio ICMS 132/21;SP
1160;TAFINLAR 75MG C/120 CAPS;NOVARTIS;Convênio ICMS 132/21;SP
1201;TAGRISSO 40 MG COM 30 COMPRIMIDOS;ASTRAZENECA ;Convênio ICMS 132/21;SP
1202;TAGRISSO 80 MG COM 30 COMPRIMIDOS;ASTRAZENECA ;Convênio ICMS 132/21;SP
2993;TAKHZYRO 300MG 2ML C/1 AMPOLA;TAKEDA;Tributado;PE
1528;TALTZ 80MG C/1 CANETA APLICADORA;ELI LILLY;Tributado;PE
4179;TALZENNA 0,25MG C/30 COMPRIMIDOS;PFIZER;Tributado;PE
4178;TALZENNA 1MG C/30 COMPRIMIDOS;PFIZER;Tributado;PE
566;TAMIFLU 30MG C/ 10 CAPSULAS ;ROCHE;Tributado;PE
567;TAMIFLU 45MG C/ 10 CAPSULAS ;ROCHE;Tributado;PE
511;TAMIFLU 75MG C/10 CAPSULAS;ROCHE;Tributado;PE
3223;TAMOXIFENO 10MG C/30 COMPRIMIDOS SANDOZ;SANDOZ;Convênio ICMS 162/94;SP
691;TAMOXIFENO 20MG C/30 COMPRIMIDOS (GEN) SANDOZ;SANDOZ;Convênio ICMS 162/94;SP
174;TARCEVA 100MG - 30 COMPRIMIDOS;ROCHE;Convênio ICMS 140/01;SP
175;TARCEVA 150MG - 30 COMPRIMIDOS;ROCHE;Convênio ICMS 140/01;SP
1250;TASIGNA 150MG C/120 CAPS;NOVARTIS;Tributado;PE
192;TASIGNA 200MG-112 CAP - 4 CARTUCHOS C/ 28 CAP CADA;NOVARTIS;Convênio ICMS 140/01;SP
893;TAXOTERE 20MG (20MG/ML) C/1ML FA;SANOFI-AVENTIS;Convênio ICMS 162/94;SP
865;TAXOTERE 80MG (20MG/ML) C/4ML FA;SANOFI-AVENTIS;Convênio ICMS 162/94;SP
1445;TECENTRIQ 1200MG/20ML C/1FA;ROCHE;Convênio ICMS 132/21;SP
2542;TECENTRIQ 840MG/14ML C/1FA;ROCHE;Convênio ICMS 132/21;SP
1334;TECFIDERA 120MG C/14 CAPSULAS;BIOGEN;Tributado;PE
1193;TECFIDERA 240MG COM 56 CAPSULAS;BIOGEN;Tributado;PE
3456;TECNOMET 2,5MG C/ 20 COMPRIMIDOS;ZODIAC;Convênio ICMS 162/94;SP
873;TEMODAL 100MG C/5 CAP SACHET;MERCK SHARP;Convênio ICMS 162/94;SP
872;TEMODAL 140MG C/5 CAP SACHET;MERCK SHARP;Convênio ICMS 162/94;SP
854;TEMODAL 180MG C/5 CAP SACHET;MERCK SHARP;Convênio ICMS 162/94;SP
899;TEMODAL 20MG C/5 CAP SACHET;MERCK SHARP;Convênio ICMS 162/94;SP
894;TEMODAL 250MG C/5 CAP SACHET;MERCK SHARP;Convênio ICMS 162/94;SP
891;TEMODAL 5MG C/5 CAP SACHET;MERCK SHARP;Convênio ICMS 162/94;SP
690;TEMODAL IV 100 mg PO LIOFILO INJ C/1FA;MERCK SHARP;Convênio ICMS 162/94;SP
2600;TEMOZOLOMIDA 100MG 5CAP (GEN) EUROFARMA;EUROFARMA;Convênio ICMS 162/94;SP
912;TEMOZOLOMIDA 100MG C/5CPS (GEN);SUN PHARMA;Convênio ICMS 162/94;SP
2635;TEMOZOLOMIDA 140 MG 5CAP (GEN) EUROFARMA;EUROFARMA;Convênio ICMS 162/94;SP
914;TEMOZOLOMIDA 140MG C/5CPS (GEN);SUN PHARMA;Convênio ICMS 162/94;SP
2636;TEMOZOLOMIDA 180 MG 5CAP (GEN) EUROFARMA;EUROFARMA;Convênio ICMS 162/94;SP
2599;TEMOZOLOMIDA 20MG 5CAP (GEN) EUROFARMA;EUROFARMA;Convênio ICMS 162/94;SP
913;TEMOZOLOMIDA 20MG C/5CPS (GEN);SUN PHARMA;Convênio ICMS 162/94;SP
2633;TEMOZOLOMIDA 250 MG 5CAP (GEN) EUROFARMA;EUROFARMA;Convênio ICMS 162/94;SP
915;TEMOZOLOMIDA 250MG C/5CPS (GEN);SUN PHARMA;Convênio ICMS 162/94;SP
2634;TEMOZOLOMIDA 5 MG 5CAP (GEN) EUROFARMA;EUROFARMA;Convênio ICMS 162/94;SP
2405;TEMOZOLOMIDA 5MG C/5CPS (GEN);SUN PHARMA;Convênio ICMS 162/94;SP
2978;TEORO 5MG/100ML C/FA;LIBBS;Convênio ICMS 140/01;SP
1712;TEPEV 500MG C/100 CAPS;EMS - SIGMA FARMA;Convênio ICMS 162/94;SP
3479;TEPMETKO 250MG C/60 COMP;MERCK SERONO;Tributado;PE
3268;TERIFLUNOMIDA 14MG C/30 COMPRIMIDOS (GENERICO);NATCOFARMA;Tributado;PE
949;TIVICAY 50MG C/30 COMP;GLAXO SMITH;Tributado;PE
963;TOUJEO 450U/1,5ML C/1 CANETA SOLOSTAR;SANOFI-AVENTIS;Tributado;PE
978;TRAYENTA 5MG C/30 COMP;BOEHRINGER;Tributado;PE
2011;TREMFYA 100MG SOL INJ C/1 SERINGA ;JANSSEN;Tributado;PE
775;TRESIBA FLEXTOUCH 100UI/ML C/1 CANETA 3ML ;NOVO NORDISK;Tributado;PE
774;TRESIBA PENFILL 100UI/ML C/5 REFIS DE 3ML;NOVO NORDISK;Tributado;PE
1407;TRIUMEQ C/30 COMPRIMIDOS;GLAXO SMITH;Tributado;PE
1184;TRULICITY 0,75MG/0.5ML C/4CANETAS;ELI LILLY;Tributado;PE
991;TRULICITY 1.5MG/0.5ML C/2 CANETAS;ELI LILLY;Tributado;PE
943;TRUVADA 200 MG + 300 MG C/30 COMP;GILEAD;Tributado;PE
206;TYKERB 250MG - 70 COMPRIMIDOS;NOVARTIS;Convênio ICMS 162/94;SP
1412;TYSABRI 20MG/ML SOL INJ FA C/15ML;BIOGEN;Tributado;PE
2592;UPTRAVI 1000 MCG/ 60 CP;JANSSEN;Tributado;PE
2593;UPTRAVI 1200 MCG/ 60 CP;JANSSEN;Tributado;PE
2594;UPTRAVI 1400 MCG/ 60 CP;JANSSEN;Tributado;PE
2596;UPTRAVI 1600 MCG/ 60 CP;JANSSEN;Tributado;PE
2314;UPTRAVI 200 MCG/ 140 CP;JANSSEN;Tributado;PE
2588;UPTRAVI 200 MCG/ 60 CP;JANSSEN;Tributado;PE
2589;UPTRAVI 400 MCG/ 60 CP;JANSSEN;Tributado;PE
2590;UPTRAVI 600 MCG/ 60 CP;JANSSEN;Tributado;PE
2591;UPTRAVI 800 MCG/ 60 CP;JANSSEN;Tributado;PE
182;UTROGESTAN- 200MG C/ 14 CAPSULAS;BESINS HEALTHCARE;Tributado;PE
863;UTROGESTAN 200MG C/42 CAPSULAS;BESINS HEALTHCARE;Tributado;PE
545;VALCYTE 450MG 60 COMP;ROCHE;Tributado;PE
3284;VEKLURY 100MG PO LIOF SOL INFUSIONAL C/1FA;UNITED MEDICAL;Tributado;PE
365;VELCADE 3,5MG- 1 FRASCO AMPOLA;JANSSEN;Convênio ICMS 162/94;SP
2925;VEMLIDY 25MG C/30 COMPRIMIDOS;GILEAD;Tributado;PE
2093;VENCLEXTA 100MG C/120CP;ABBVIE;Tributado;PE
2156;VENCLEXTA 10MG C/14CP;ABBVIE;Tributado;PE
2157;VENCLEXTA 50MG C/ 7CP;ABBVIE;Tributado;PE
2094;VENCLEXTA STARTING PACK 4 CARTELAS C/42CP;ABBVIE;Tributado;PE
2794;VENTAVIS 10MCG/ML - 30AMP 1ML CADA;BAYER;Tributado;PE
2852;VEQUILE 250MG/5ML C/2 SERINGAS;SANDOZ;Convênio ICMS 162/94;SP
3292;VERAZO 1,5MG C/1FA PO LIOF;LIBBS;Convênio ICMS 162/94;SP
3389;VERAZO 1MG C/1FA PO LIOF;LIBBS;Convênio ICMS 162/94;SP
3291;VERAZO 3,5MG C/1FA PO LIOF;LIBBS;Convênio ICMS 162/94;SP
2463;VERZENIOS 100 MG C/ 30 CP;ELI LILLY;Convênio ICMS 132/21;SP
2465;VERZENIOS 150 MG C/ 30 CP;ELI LILLY;Convênio ICMS 132/21;SP
2464;VERZENIOS 150 MG C/ 60 CP;ELI LILLY;Convênio ICMS 132/21;SP
2467;VERZENIOS 200MG C/ 30 CP;ELI LILLY;Convênio ICMS 132/21;SP
2466;VERZENIOS 200MG C/ 60 CP;ELI LILLY;Convênio ICMS 132/21;SP
2462;VERZENIOS 50 MG C/ 30 CP;ELI LILLY;Convênio ICMS 132/21;SP
408;VESANOID 10MG C/100 CAPSULAS (C2);FARMOQUIMICA;Tributado;PE
1501;VFEND 200MG C/1 AMPOLA;WYETH;Tributado;PE
417;VFEND 200MG C/14 COMPRIMIDOS;WYETH;Tributado;PE
375;VICTOZA 6MG/ML SOL INJ C/2CANETAS DE 3ML CADA;NOVO NORDISK;Tributado;PE
942;VIDAZA 100MG FRASCO AMPOLA;UNITED MEDICAL;Convênio ICMS 162/94;SP
2544;VIVAXXIA 100 MG 2 FA OR;LIBBS;Convênio ICMS 140/01;SP
2547;VIVAXXIA 500 MG 1 FA OR;LIBBS;Convênio ICMS 140/01;SP
1716;VOLIBRIS 10MG C/30 COMP;GLAXO SMITH;Tributado;PE
957;VORICONAZOL 200MG C/14 COMP ( GEN);ACCORD ;Tributado;PE
2568;VORICONAZOL 50MG C/14 COMP (GEN);ACCORD ;Tributado;PE
656;VOTRIENT 200MG C/30 COMPRIMIDOS;NOVARTIS;Convênio ICMS 162/94;SP
329;VOTRIENT 400MG  C/30 COMPRIMIDOS;NOVARTIS;Convênio ICMS 162/94;SP
330;VOTRIENT 400MG  C/60 COMPRIMIDOS;NOVARTIS;Convênio ICMS 162/94;SP
3351;VSIQQ 120MG/ML SOL INJFAX 0,23 ML+AGU;NOVARTIS;Tributado;PE
1251;VYNDAQEL 20MG C/30 CAPS;WYETH;Tributado;PE
3161;VYNDAQEL 20MG CAP 4X30 ;WYETH;Tributado;PE
2785;WINDUZA 100MG FRASCO AMPOLA;DR REDDYS;Convênio ICMS 162/94;SP
1753;XALKORI 200MG C/ 60 CAPSULAS;WYETH;Convênio ICMS 132/21;SP
976;XALKORI 250MG C/ 60 CAPSULAS;WYETH;Convênio ICMS 132/21;SP
197;XARELTO 10MG - 30 COMPRIMIDOS REVESTIDOS;BAYER;Tributado;PE
1186;XARELTO 15MG - 28 COMPRIMIDOS REVESTIDOS;BAYER;Tributado;PE
1182;XARELTO 20MG - 28 COMPRIMIDOS REVESTIDOS;BAYER;Tributado;PE
3372;XELJANZ 10MG C/60 COMPRIMIDOS;WYETH;Tributado;PE
831;XELJANZ 5MG C/60 COMPRIMIDOS;WYETH;Tributado;PE
184;XELODA 150MG - 60 COMPRIMIDOS REVESTIDOS;ROCHE;Convênio ICMS 162/94;SP
185;XELODA 500MG- 120 COMPRIMIDOS REVESTIDOS;ROCHE;Convênio ICMS 162/94;SP
703;XEOMIN CX C/1 FRASCO AMPOLA PÓ LIÓFILO DE 100U;BIOLAB;Tributado;PE
1694;XGEVA 120MG C/1FA 1,7ML;AMGEN;Convênio ICMS 132/21;SP
3140;XILFYA 100MG C/1 FA 10ML;WYETH;Tributado;PE
3065;XOLAIR 150 C/1ML C/1 SERINGA ;NOVARTIS;Tributado;PE
186;XOLAIR 150MG- 1 FA + 1 AMPOLA DILUENTE 2ML;NOVARTIS;Tributado;PE
3399;XOLAIR 75MG/0,5ML C/1 SERINGA ;NOVARTIS;Tributado;PE
3015;XOSPATA 40MG C/ 84 COMP;ASTELLAS;Tributado;PE
835;XTANDI 40 MG C/120 CAPS;ASTELLAS;Convênio ICMS 132/21;SP
1486;XULTOPHY 1 CANETA 3 ML;NOVO NORDISK;Tributado;PE
2848;ZARZIO 30MU/0,5ML (300MCG) C/1 SERINGA ;SANDOZ;Convênio ICMS 132/21;SP
2329;ZAVESCA 100 MG C/ 90 CAPSULAS;JANSSEN;Tributado;PE
1935;ZEDORA 440MG PO LIOF C/1 FA;LIBBS;Convênio ICMS 162/94;SP
3334;ZEJULA 100MG C/28 CAPS;GLAXO SMITH;Tributado;PE
3333;ZEJULA 100MG C/56 CAPS;GLAXO SMITH;Tributado;PE
538;ZELBORAF 240 MG 56 CR;ROCHE;Tributado;PE
3017;ZERBAXA 1G/0.5G 10X20ML VIAL ;MERCK SHARP;Tributado;PE
187;ZOLADEX 10,8MG- 1 SERINGA DEPOT DE LIBERAÇÃO PROLONGADA;ASTRAZENECA ;Convênio ICMS 162/94;SP
188;ZOLADEX 3,6MG- 1 SERINGA DEPOT DE LIBERAÇÃO PROLONGADA;ASTRAZENECA ;Convênio ICMS 162/94;SP
1947;ZOLIBBS 4MG/5 ML INJ C/ 1 FA;LIBBS;Convênio ICMS 162/94;SP
388;ZOMETA 4MG/100ML C/1FA;NOVARTIS;Convênio ICMS 140/01;SP
2318;ZOSTIDE 250 MG C/ 120 CP (ABIRATERONA);LIBBS;Convênio ICMS 132/21;SP
468;ZYTIGA 250MG C/120 COMPRIMIDOS;JANSSEN;Convênio ICMS 132/21;SP
2270;ZYTIGA 500MG C/60 COMPRIMIDOS;JANSSEN;Convênio ICMS 132/21;SP
89;GONAPEPTYL DEPOT 3,75MG-CARTUCHO 1 SER 3,75MG+1 SER 1ML SUS;A;ISENTO;
97;HUMIRA  AC 40MG/0,4ML -SOL INJETAVEL-2 SER PRENC.+2 LENCOS ALCOOL;A;ISENTO;
110;LANTUS 100UI/ML- 01 FRASCO 10ML;A;TRIBUTADO;
111;LANTUS REFIL 100UI/ML C/3ML;A;TRIBUTADO;
122;LUVERIS- 1 FA DE 75UI + 1 FRASCO DILUENTE;A;TRIBUTADO;
144;PROSTAVASIN 20MCG- 10 AMPOLAS;A;TRIBUTADO;
156;RHOPHYLAC 300MCG- 1 SERINGA PRE-ENCHIDA 2ML;A;TRIBUTADO;
191;APIDRA SOLOSTAR - 1 CANETA DESCARTAVEL 3ML (300UI);A;ISENTO;
223;MENOPUR 75UI 5 AMPOLAS + 5 FRASCOS DILUENTE;A;TRIBUTADO;
369;SYNVISC CLASSIC CX C/1 SERINGA C/2ML;A;TRIBUTADO;
453;CLEXANE 80MG C/2 SERINGAS 0,8ML;A;TRIBUTADO;
546;TRACTOCILE 7,5MG/ML FR 0,9ML;A;TRIBUTADO;
680;SYNVISC ONE C/1 SERINGAS C/6ML ;A;TRIBUTADO;
713;TARCEVA 25MG 30 COMPRIMIDOS;A;ISENTO;
837;ANDROCUR 100MG C/20 CP;A;ISENTO;
842;ANDROCUR 50MG C/20 CP;A;ISENTO;
928;MENOPUR MD 1200UI C/1 FA + 2 SER PREE C/1 DIL DE 1ML + 18SER;A;TRIBUTADO;
972;COSENTYX 150MG C/2 CANETAS PREENCHIDAS (150MG CADA CANETA);A;TRIBUTADO;
1128;IMUNO BCG 40MG C/2 AMPOLAS;A;ISENTO;
1348;ENOXALOW 40MG C/10 SERINGAS;A;TRIBUTADO;
1435;BORTEZOMIBE 3,5MG C/1 FA;A;ISENTO;
1679;NAVELBINE 10MG/ML C/1FA X 5ML;A;ISENTO;
2065;TAMOXIFENO 20MG C/30 COMPRIMIDOS (GEN) BLAU;A;ISENTO;
2286;OZEMPIC 1 MG 3 ML CANETA C/ 4 AGULHAS;A;TRIBUTADO;
2573;CONCERTA 36 MG C/30 COMP (A3);A;TRIBUTADO;
2657;NAVELBINE 10MG/ML C/1FA X 1ML;A;ISENTO;
2726;NOVASOURCE PROLINE BAUN 200 ML ;A;TRIBUTADO;
2770;B-PLATIN 50MG/ 5ML C/1 FA;A;ISENTO;
2771;B-PLATIN 150MG/ 15ML C/1 FA;A;ISENTO;
2796;REMSIMA 100 MG FA;A;ISENTO;
2980;IRINOTECANO 100MG C/10 FA 5ML (EUROFARMA);A;ISENTO;
3326;HYQVIA 5G C/1FA  2,5ML;A;TRIBUTADO;
3327;HYQVIA 30G C/1FA 15ML;A;TRIBUTADO;
3328;HYQVIA 10G C/FA 5ML;A;TRIBUTADO;
3349;ERLOTINIBE 150MG C/30 COMP;A;ISENTO;
3350;ERLOTINIBE 100MG C/30 COMP;A;ISENTO;
