1027,499,BISACODIL 5MG BLISTER C  6 COMPRIMIDOS CX C  150 COMPRIMIDOS,,,,CPR,1
MC-169,63,DIMORF (MORFINA SULF.) 1MG/ML AP(2ML) CX C/50 AP (A1),CRISTALIA,,1029803630038,AP,1
MC-178,197,CETAMINA (CLORIDRATO) FA (10ML) 50MG/ML CX C/5 FA,BIOCHIMICO,,,FA,1
MC-200,87,PARKIDOPA ( CARBIDOPA + LEVODOPA) 25MG + 250MG CX C/200 CP  (C1),CRISTALIA,,,CPR,1
ME-002,410,BROMOPRIDA 10MG 2ML GENERICO CX 50UN USO IM IV,WASSERFARMA,,1458700050021,UN,1
ME-003,4,NITROGLICERINA IV 5MG 5ML (TRIDIL) CRISTALIA,Cristalia,,1029801330029,UN,1
ME-004,5,MOXIFLOXACINO 400MG CX C 1 BOLSA,,,1038700660022,UN,1
ME-005,419,ACIDO TRANEXAMICO 50MG/ML  AMP 5ML NIKKO,NIKKO,,1134301860021,UN,1
ME-006,6,CLARITROMICINA 500MG FA KLARICID 500MG FA FA  (Item: ),ABBOTT,,1055302000138,FA,1
ME-007,9,ENCRISE 20 U/ML AP -  (VASOPRESSINA 20 U/ML),BIOLAB,,1097401900035,ML,1
ME-008,11,PENTOXIFILINA 20MG/ML 5ML VASCER 20MG/ML 5ML AP  (Item: ),UNIAO QUIMICA,,1049711670022,AP,1
ME-009,12,OXACILINA SODICA 500MG OXACILINA 500MG FA (Item: ),BLAU,,1163701410051,FA,1
ME-010,8,POLIMIXINA B 500.000 UI - CX/10-SULFATO DE POLIMIXINA B-,OPEMPHARMA,,1274800110015,FA,1
ME-011,14,DAPTOMICINA 500mg - NOVARTIS,NOVARTIS,,1006810580017,CX,1
ME-012,17,"CLORETO DE SODIO 0,9% 500ML CX C\ 30 FR FRESENIUS",FRESENIUS,,,CX,1
ME-013,19,"CLORETO DE SÓDIO  0,9% 500ML FR EUROFARMA",EUROFARMA,,1004310470021,FR,1
ME-014,21,CEFUROXIMA SODICA 750MG FA. BIOCHIMICO,BIOCHIMICO,,1006302360012,FA,1
ME-015,23,DIPIRONA SODICA 500MG/ML 2ML DIPIFARMA 500MG/ML 2ML AP FARMACE (Item: ),FARMACE,,1108500180048,AP,1
ME-016,24,"ENOXAPARINA SODICA 40MG/0,4ML  AGILA",AGILA,,1883000210047,UN,1
ME-017,25,NEOMICINA (SULFATO) + BACITRACINA ZINCICA 10G NEOMICINA (SULFATO) + BACITRACINA,,,,TB,1
ME-018,26,CEFAZOLINA SODICA 1G CELLOZINA 1G. UN ABL,ABL,,1556200290013,UN,1
ME-019,27,VITAMINA C 500MG/5ML VITAMINA C 500MG/5ML AP FARMACE (Item: ),FARMACE,,1108500280026,AP,1
ME-020,28,SUXAMETONIO 100MG SUCCITRAT 100MG FA BLAU (Item: ),BLAU,,1163701150017,FA,1
ME-021,29,SUCCINATO DE HIDROCORTISONA 100MG INJ IV/IM ARISCORTEN BLAU,BLAU,,,CX,1
ME-022,30,MEROPENEM 500MG - ABL,ABL,,1556200190027,UN,1
ME-023,31,MEROPENEM 500mg (CX 25) BIOCHIMICO,BIOCHIMICO,,1006301900013,UN,1
ME-024,32,CLINDAMICINA 600MG AMPOLA - 4 ML,,,,UN,1
ME-025,22,NOREPINEFRINA 2MG/ML 4ML NOREPINEFRINA 2MG/ML AP 4ML  HYPOFARMA,HYPOFARMA,,1038700600021,AP,1
ME-026,33,AMOXICILINA + CLAVULANATO 1G + 200,BLAU,,1163700940103,UN,1
ME-027,34,TENOXICAM 20MG INJ 50FA+DIL 2ML HG EURO, EURO,,,CX,1
ME-028,35,CLINDAMICINA 600MG INJ 100AP 4ML HGA HIP,HIPO,,1134301030045,UN,1
ME-029,36,SULFATO DE GENTAMICINA 40MG/ML SOL INJ AMP 1ML IV/IM/PED GENTAMICIN NOVAFARMA,NOVAFARMA,,1140200130065,CX,1
ME-030,39,GLICOSE 5% 500ML  FR EUROFARMA,EUROFARMA,,0000000000000,FR,1
ME-031,43,VANCOMICINA (CLORIDRATO) 500MG VANCOMICINA (CLORIDRATO) 500MG FA TEUTO (Item: ),TEUTO,,1037004610037,FA,1
ME-032,37,XYLESTESIN 2% S/V 10FA 20ML E EST HS CRI,CRISTALIA,,1029803570124,CX,1
ME-033,38,METOCLOPRAMIDA (NOPROSIL) 240AP 2ML HS ISO,ISOFORMA,,,CX,1
ME-034,40,AMPICILINA 1 GR INJ 50 FA SEM DIL HGA TEUTO,TEUTO,,1037002990231,UN,1
ME-035,41,CEFAZOLINA SODICA 1GR INJ BIOCHIMICO,BIOCHIMICO,,1006302330024,UN,1
ME-036,42,OCITOCINA (OXITON) 5 UI/ML IM/IV  AP,UNIÃO QUÍMICA,,1049701490043,UN,1
ME-037,45,ERTAPENEM SODICO 1g (INVANZ),INVANZ,,,FR,1
ME-038,46,"ENOXAPARINA SODICA CD (PREV) 40MG/0,4ML-ENOXAPARINA SODICA-BIOCHIMICO",BIOCHIMICO,,,SER,1
ME-039,47,ANLODIPINO BESILATO 10 MG 30 CP G MED,MED,,1832600480059,CX,1
ME-040,48,BENZILPEN (BEPEBEN) 1.200.000UI 50FA HSA TEUTO,TEUTO,,1037001000092,UN,1
ME-041,49,"ATENSINA 0,200 MG 30 CP R BHF",,,1036700580057,CX,1
ME-042,50,BALCOR 30 MG 30 CP S BAL,BAL,,,CX,1
ME-043,53,SINVASTATINA 20MG SINVASTATINA 20MG. CP PHARLAB (Item: ),PHARLAB,,1410701080076,CP,1
ME-044,54,MEROPENEM 1G - ABL,ABL,,1556200190078,UN,1
ME-045,55,"PULMICORT 0,25 MG SUS NEBUL 20FR 2ML R ATZ",ATZ,,1161800760054,FR,1
ME-046,56,LIDOCAINA 2% S/V 25FAM 20ML GEN-HIPOLABOR LT LL11317 (11)07/19,HIPOLABOR,,1134301020015,UN,1
ME-047,57,ALCOOL ETILICO HIDRATADO 70% 1000ML,,,,LT,1
ME-048,60,CLOPIDOGREL (BISSULFATO) 75MG CLOPIDOGREL (BISSULFATO) 75MG. CP AUROBINDO (Item:,AUROBINDO,,1516700460075,CP,1
ME-049,61,TRIMETOPRIMA + SULFAMETOXAZOL 400MG + 80MG 5ML BAC - SULFITRIN 400MG + 80MG 5ML,,,,AP,1
ME-050,58,CEFUROXIMA 750MG INJ AUROBINDO,AUROBINDO,,1516700130016,UN,1
ME-051,59,OPRAZON 40MG IV C/ DILUENTE BLAU,BLAU,,1163700960015,FA,1
ME-052,67,DIPIRONA SODICA 500MG/ML 2ML DIPIRONA SODICA 500MG/ML 2ML AP TEUTO (Item: ),,,1037004700052,AP,1
ME-053,70,"ENOXAPARINA SODICA 20MG/0,2 VERSA SUB/IV",EUROFARMA,,1004310160081,UN,1
ME-054,72,ENOXAPARINA (ENAXALOW) 80MG 10 SERINGAS,BLAU,,,,1
ME-055,77,NIFEDIPINA 10MG NIOCIL 10MG CP,GEOLAB,,1542300280036,CPR,1
ME-056,79,RANITIDINA (CLORIDRATO) 150MG ANTIDIM 150MG CP,TEUTO,,1037001610028,CPR,1
ME-057,80,TRIMETOPRIMA + SULFAMETOXANOL 400MG + 80MG CP,PRATIDONAD,,1256802090080,CPR,1
ME-058,83,DICLOFENACO POTASSICO 50MG POLTAX 50MG CP,GEOLAB,,1542300260051,CPR,1
ME-059,84,ERITROMICINA (ESTOLATO) 500MG CP,PRATIDONAD,,1256802080093,CPR,1
ME-060,85,LEVOTIROXIMA SODICA 50MCG CP,MERCK,,1008903550084,UN,1
ME-061,86,CLORTALIDONA 25MG CP,EMS,,1023504580048,CPR,1
ME-063,88,AMINOFILINA 240MG/ML 10ML,TEUTO,,1037002860011,AP,1
ME-064,89,PROTAMINA (CLORIDRATO) 1000UI/ML 5ML AP,VALEANT,,1057500400041,AP,1
ME-065,81,MANITOL 20% 250ML MANITOL 20% 250ML FR FARMACE (Item: ),FARMACE,,,UN,1
ME-066,82,NISTATINA + OXIDO DE ZINCO NISTATINA + OXIDO DE ZINCO 60G TB PHARLAB (Item: ),PHARLAB,,,TB,1
ME-067,90,SOL.DE MANITOL 20% 40FRS 250ML-JP LT 866817 (1)09/19,JP,,,CX,1
ME-068,91,NEOCETHEO POMADA 15G C/100-SOBRAL LT 170796 (1)08/19,SOBRAL,,,CX,1
ME-069,92,PRATIDERM POM 60G C/50 TB-PRATI DONADUZZI LT 17I65W (3)09/19,PRATI DONADUZZI,,,CX,1
ME-070,93,NOREPINEFRINA 2MG/ML AP 4ML  HIPOLABOR,HIPOLABOR,,1134301260032,AP,1
ME-073,94,EPINEFRINA(ADREN)1MG INJ 100AP 1ML HS,HIPOL,,1134300010016,UN,1
ME-074,95,XARELTO 10 MG 10 CP R BAYER,BAYER,,1705600480063,CX,1
ME-075,101,ROCURONIO (BROMETO) 10MG/ML 5ML ROCURONIO (BROMETO) 10MG/ML 5ML FA EUROFARMA (It,EUROFARMA,,1004310100044,UN,1
ME-076,102,"BUDESONIDA 0,25MG/ML 2ML PULMICORT 0,25MG/ML 2ML FR ASTRAZENEC (Item: )",ASTRAZENEC,,1161800760046,UN,1
ME-077,103,METOCLOPRAMIDA (CLORIDRATO) 4MG/ML 10ML METOCLOPRAMIDA 4MG/ML 10ML GTS FR MARIOL,MARIOL,,,UN,1
ME-078,104,FUROSEMIDA 20MG/2ML FUROSANTISA 20MG/2ML AP SANTISA (Item: ),SANTISA,,1018600180016,UN,1
ME-079,105,DICLOFENACO POTASSICO 25MG/ML 3ML AP TEUTO,TEUTO,,1037003140088,UN,1
ME-080,106,AMOXICILINA + CLAVULANATO DE POTASSIO 500MG + 125MG CLAVULIN 500MG + 125MG CP GL,,,1010700760507,UN,1
ME-081,107,HIOSCINA + DIPIRONA ESCOPEN COMPOSTO 10MG/250MG CP PHARLAB (Item: ),PHARLAB,,1410700270025,UN,1
ME-082,108,NIMESULIDA 100MG NIMESULIDA 100MG CP CIMED (Item: ),CIMED,,1438100590010,UN,1
ME-083,109,GLICOSE 50% AP. 10ML  FARMACE,FARMACE,,1108500090091,UN,1
ME-084,110,HIDROCLOROTIAZIDA 25MG CP TEUTO,TEUTO,,1037001040019,UN,1
ME-085,111,HIOSCINA 20MG/1ML BUTILBROMETO DE ESCOPOLAMINA 20MG/1ML AP  (Item: ),HIPOLABOR,,1134301250029,UN,1
ME-086,112,"ATROPINA (SULFATO) 0,25MG/ML 1ML PASMODEX AP(Item: )", ISOFARMA,,,AP,1
ME-087,113,BROMOPRIDA 10MG BROMOPRIDA 10MG CP  (Item: ),PRATIDONAD,,1023509880041,CP,1
ME-088,420,"ROPIVACAINA (CLORIDRATO) 7,5MG/ML 20ML ROPIVACAINA (CLORIDRATO) 7,5MG/ML 20ML AP",TEUTO,,1037006330041,AP,1
ME-089,114,"IPRATROPIO (BROMETO) 0,25MG/ML 10ML IPRATROPIO (BROMETO) 0,25MG/ML 10ML FR GTS T",,,,FR,1
ME-090,115,FENOTEROL (BROMIDRATO) 5MG/ML 20ML  FR GTS PRA,,,1256801240021,FR,1
ME-091,116,ADRENALINA 1MG  AP 1ML HIPOLABOR,HIPOLABOR,,1134300010016,AP,1
ME-092,121,FENILEFRINA (CLORIDRATO) 10MG/ML 1ML FENILEFRIN 10MG/ML 1 ML AP CRISTALIA (Item:,CRISTALIA,,,UN,1
ME-093,122,ALFAEPOETINA 4000UI SOL INJ CT 1 FA 1ML GEN BLAU,BLAU,,1163700240292,UN,1
ME-094,124,HIDROXIDO FERRICO 20MG/ML 5ML SOL INJ IV C/5 AMP (SUCROFER) UNIAO QUIMICA,UNIAO QUIMICA,,,UN,1
ME-095,123,BENZILP.BENZATINA(BEPEBEN) 1.200.000UI 50FAM-TEUTO LT 2505432 (1)03/19,TEUTO,,1037001000092,CX,1
ME-096,125,TENOXIL 20MG 10CP REVESTIDOS-MEDQUIMICA LT 54667S (5)07/19 54677S (5)08/1 9,MEDQUIMICA,,,CX,1
ME-097,126,SOL.DE RINGER C/LACTATO 25FRS 500ML-EUROFARMA 411798 LT 518422 (1)08/19,EUROFARMA,,1004310520027,CX,1
ME-098,129,ALCOOL 70% EM GEL CX C/12--JALLES MACHADO LT 32270 (1)11/20,JALLES,,0000000000000,CX,1
ME-099,130,BUTIL.ESCOP.+DIPIR.100AMP 5ML GEN- HIPOLABOR LT H06116 (1)10/18,HIPOLABOR,,1134301210035,CX,1
ME-100,131,HIDROCORTISONA(ANDROCORTIL)100MG 50FAM-TEUTO LT 2595306 (1)02/19,TEUTO,,1037004630046,CX,1
ME-101,132,ACICLOVIR CREME 50MG/G TB 10GR GEN-PRATI DONADUZZI,PRATI-DONADUZZI,,1256801110029,UN,1
ME-102,133,HIDROCORTISONA(ANDROCORTIL)500MG 50FAM-TEUTO LT 2596863 (1)08/19,TEUTO,,1037004630062,UN,1
ME-104,135,BROMOPRIDA 10MG 30 AMP 2ML GEN-HIPOLABOR LT AT02617 (1)07/19,HIPOLABOR,,1134301300034,CX,1
ME-105,136,TOBRAMICINA 3MG/ML COLIRIO 5ML GEN-NEO QUIMICA LT B17G1116 (3)08/19,NEO QUIMICA,,1558401930016,FR,1
ME-106,137,ENTEROFTAL 40MG 20CP-PHARMASCIENCE LT 1000817 (3)08/19,PHARMA,,1171700320017,CX,1
ME-107,138,CAPTOPRIL 25MG 300CP GEN-PRATI DONADUZZI LT 17D866 (1)10/18,PRATIDONAD,,1256801530176,CX,1
ME-108,422,TEICOPLANINA 400MG,CRISTALIA,,1029802880073,UN,1
ME-109,139,AGUA P/ INJECAO AMP 10ML CX. C/200UN ISOFARMA,ISOFARMA,,1031101580024,CX,1
ME-110,140,SULFADIAZINA DE PRATA 1% 10MG/G 50G GEN-PRATI DONAD. LT 17H49J (3)08/19,PRATIDONAD,,1256800370051,UN,1
ME-111,141,TENOXICAN(TEFLAN)20MG 50FAM-U.QUIMICA LT 1728079 (1)08/19,UNIAO QUIMICA,,1049711380072,CX,1
ME-112,142,IBUPROFENO 600MG IBUPROFENO 600MG CP PRATIDONAD (Item: ),PRATIDONAD,,1256801610031,UN,1
ME-113,143,SACCHAROMYCES BOULARDII - 17 LIOFILIZADO 200MG FLORENT 200MG CA CIFARMA (Item: ),CIFARMA,,1156000980010,UN,1
ME-114,144,CLARITROMICINA(KLARICID)IV 500MG C/1FAM-ABBOTT LT 71851TB22 (50)10/19,ABBOTT,,1055302000138,UN,1
ME-115,151,ANLODIPINO (BESILATO) 5MG ANLODIPINO (BESILATO) 5MG CP TEUTO (Item: ),TEUTO,,1037006840021,CP,1
ME-116,152,SULFADIAZINA DE PRATA 30G SULFADIAZINA DE PRATA 30G TB PRATIDONAD (Item: ),PRATIDONAD,,1256800370108,UN,1
ME-117,154,NISTATINA 25.000UI/G 60G NISTATINA 25.000UI/G 60G. CX C/1 TB E 1 APLICADOR GREEN,,,,UN,1
ME-118,155,PRELONE 5 MG 20 CP R ACHE,ACHE,,1057303300042,CX,1
ME-119,156,ATORVASTATINA 40MG - CX 30 CX C\ 30 CP GENERICO,,,,CP,1
ME-120,157,HIDROXIDO DE FERRO POLIMALTOSADO 100MG/5ML SUCROFER 100MG/5ML IV AP UNIAO QUIM (,UNIAO QUIMICA,,,AP,1
ME-121,158,ALTEPLASE 50MG,,,1036700490023,UN,1
ME-122,159,CLORETO DE SODIO 9% 500 ML FR FRESENIUS,FRESENIUS,,,CX,1
ME-123,161,"BUDESONIDA 0,25MG ML 2ML - CX 5 CX C\ 5 FR PULMICORT",Astra Zeneca,,1161800760054,FR,1
ME-124,162,GLICOSE 5% FR. 500ML  FRESENIUS,FRESENIUS,,1004101070215,FR,1
ME-125,163,BROMOPRIDA 10MG 2ML C/50 GEN WASSER FARMA,,,,AMP,1
ME-126,166,NISTATINA 25.000UI/G CREME VAG BISN 60G GEN TEUTO,TEUTO,,1037000780051,UN,1
ME-127,164,LOSARTANA 50MG - BLISTER 15 - CX 450 CX C\ 15 CP GENERICO,GEOLAB,,0000000000001,CP,1
ME-128,165,ANLODIPINO 5MG CX C\ 30 CP GENERICO,,,,CP,1
ME-129,167,"BISOPROLOL 2,5MG - CX 30 CX C\ 30 CP GENERICO",,,,CP,1
ME-130,168,PANTOPRAZOL 40MG CX C\ 28 CP GENERICO,,,0000000000000,CP,1
ME-131,169,VITAMINA C 500MG 5ML - CX 100 CX C\ 100 AMP GENERICO,,,,AMP,1
ME-132,170,DOPAMINA 5MG ML 10ML - CX 50 CX C\ 50 AMP GENERICO,,,,AMP,1
ME-133,171,BUTILBROMETO  ESCOPOLAMINA + DIPIRONA SODICA 4MG/ML+ 500MG/ML AMP.5ML HYPOFARMA,HYPOFARMA,,1038700230028,UN,1
ME-134,172,PARACETAMOL 750MG CPR  GENERICO PRATIDONADUZI,PRATIDONADUZI,,1256800500125,CPM,1
ME-138,176,PANTOPRAZOL 40MG 28CP GEN- LT 17070027 (11)06/19,MEDLEY,,1832601870098,CX,1
ME-139,181,DOMPERIDONA 10MG 60CP GEN-LT E4389 (5)10/19,NOVA QUIMICA,,1267502310056,CX,1
ME-140,173,"ENOXAPA(VERSA)60MG 2SER 0,6ML C/D SEG HS EUROF",EUROFARMA,,1004310160128,CX,1
ME-141,174,OMEPRAZOL 20MG CA PRATIDONADUZZI,PRATIDONAD,,1256801690076,CA,1
ME-142,175,ATENOLOL 50MG ATENOLOL 50MG CP PRATIDONAD (Item: ),PRATIDONAD,,1256801460070,CP,1
ME-143,194,AMOXICILINA +CLAVULANATO DE POTASSIO 500G+125MG EMS SIGMA,EMS,,1023505320023,UN,1
ME-145,200,"DIMETICONA 75MG/ML 10ML (SIMETICONA)  ( LUFTAL ) PRATI, DONADUZZI","PRATI, DONADUZZI",,1256801370020,FR,1
ME-146,201,ALFAEPOETINA (rHu EPO) 4000UI/ML SOL INJ F/A 1ML ERITROMAX - BLAU,BLAU,,1163700590269,F/A,1
ME-147,203,ANLODIPINO BESILATO 5 MG 30 CP G MEDLE,MEDLE,,1832600480024,CX,1
ME-148,205,CAPTOPRIL 25 MG 30 CP G MEDLE,MEDLE,,1832601270074,CX,1
ME-149,207,FLORATIL 200 MG PED 6 ENV HS,MERCK,,,CX,1
ME-150,209,SUSTRATE 50 CP R FARMO,,,1039001820029,CX,1
ME-151,210,AAS INFANTIL 100MG CPR SANOFI,SANOFI,,1130009950048,CPR,1
ME-152,211,CELESTAMINE XPE S/ACUCAR 120 ML R HYPER,,,1781707830040,FR,1
ME-153,212,DIAMICRON MR 60 MG 30 CP R SERVI,,,1127800040094,CX,1
ME-154,213,TRAYENTA 5 MG 30 CP R BOEHR,BOEHRINGER,,1036701670025,CX,1
ME-155,214,ATROVENT GTS 20 ML R BHF,,,1036700040028,FR,1
ME-156,215,ADDERA D3 7000 UI CX C/ 10 CPS  HYPER, HYPER,,,CX,1
ME-157,216,CEFALIV 12 CP R ACHE,,,1057300690051,CX,1
ME-158,217,TIORFAN 100 MG 9 CAPS R BAGO,,,1562600020026,CX,1
ME-159,218,DIAMICRON MR 30 MG 30 CP R SERVI,,,1127800040043,CX,1
ME-160,219,RANITIDINA 150 MG 10 CP G MEDLEY,MEDLEY,,1832600760078,CX,1
ME-161,220,BROMOPRIDA 10MG 800CP GEN-LT 17H823 (10)07/19,PRATI DONADUZZI,,,CX,1
ME-162,221,METFORMINA 500MG 400CP GEN-LT 17I841 (5)09/19,PRATI DONADUZ,,1023506590105,CX,1
ME-163,222,DOMPERIDONA(PERIDAL) 1MG/ML SUSP. 100ML- LT 17030438 (29)03/19 17030439 (,FARMASA,,,FR,1
ME-164,223,METFORMINA 850MG 200CP  LT 17H83Y (10)08/19,GEN-PRATI DONADUZ,,1256801510027,CX,1
ME-165,224,DIPIRONA 500MG/ML GTS 10ML,GEN-FAR,,1108500300027,UN,1
ME-167,225,DOMPERIDONA(PERIDAL) 10MG 60CPR- LT 17090548 (30)09/20,FARMASA,,,CX,1
ME-168,226,ATORVASTATINA 40MG 30CP LT 1704933 (2)03/19,GEN-CIMED,,,CX,1
ME-169,227,DICLOFENACO DIETILAMONIO GEL 60G  LT 128079 (10)07/19,GEN-PHARLAB,,,TB,1
ME-170,228,PARACETAMOL 200MG C/100 FR 15ML  LT PC17L577 (1)11/19,GEN-FARMACE,,1108500340029,UN,1
ME-171,229,ATORVASTATINA(TORVILIP) 20MG 30CPR.-LT B3207 (2)06/19,NOVAQUIMICA,,1267501330061,CX,1
ME-172,230,TORVILIP 10MG C/ 30CP- LT 937852 (2)01/19,NOVAQUIMICA,,,CX,1
ME-173,231,ACETILCISTEINA 100MG/ML AMP 3ML BLAU,BLAU,,1163701220023,FA,1
ME-174,232,MUVIN LAX SACHE 14GR - CX 20 CX C\ 20 ENV MUVINLAX,,,,ENV,1
ME-175,233,ESCOPOLAMINA 20MG ML CX C\ 100 AMP GENERICO,,,,AMP,1
ME-176,234,COLECALCIFEROL - VITAMINA D3 1.000UI CX C\ 30 CP ADDERA D3,,,,CP,1
ME-177,235,GLIMEPIRIDA 2MG CX C\ 30 CP GENERICO,,,1542302360116,CP,1
ME-178,236,DEXACITONEURIN NFF INJ 3 AMP 1 ML + 3 AMP 2ML CX C\ 3 AMP DEXACITONEUTIN,,,,AMP,1
ME-179,237,ADENOSINA 3MG/ML AMP 2ML  GENERICO HIPOLABOR,HIPOLABOR,,1134301820011,UN,1
ME-180,238,SACCHAROMYCES BOULARDII 200 MG CX C\ 6 EV FLORATIL,,,,EV,1
ME-181,239,TIZANIDINA 2MG CX C\ 30 CP GENERICO,,,,CP,1
ME-182,240,TRIMETAZIDINA 35MG VASTAREL MR SERVIER,SERVIER,,1127800550089,CPR,1
ME-183,241,"PROPRANOLOL 40MG GENERICO PRATI, DONADUZZI","PRATI, DONADUZZI",,1256801680070,CPR,1
ME-184,242,PARACETAMOL 200MG/ML 15ML GENERICO SOBRAL,SOBRAL,,1096300490046,FR,1
ME-185,243,"VERAPAMIL 80MG GENERICO PRATI, DONADUZZI","PRATI, DONADUZZI",,,CPR,1
ME-186,244,VILDAGLIPTINA 50MG ( GALVUS)  NOVARTIS CX C/56 CP,NOVARTIS,,1006810500048,CPR,1
ME-187,245,NIFEDIPINO 30MG ADALAT OROS,BAYER SCHERING,,1705600520189,CPR,1
ME-188,246,TICLOPIDINA 250MG GENERICO BIOSINTETICA,BIOSINTETICA,,1121302250012,CPR,1
ME-189,247,"INDAPAMIDA 1,5MG LIBERACAO PROLONGADA GENERICO GRUPO EMS SIGMA PHARMA",EMS,,1023511250041,CPR,1
ME-190,248,"TANSULOSINA 0,4MG GENERICO GEOLAB",GEOLAB,,1542301820018,CAP,1
ME-191,249,"DIMETICONA 40MG GENERICO PRATI, DONADUZZI","PRATI, DONADUZZI",,1256801340032,CPR,1
ME-192,250,FLORATIL 200MG CAP CX C/6 (saccharomyces boulardi),MERCK,,1008900900483,CX,1
ME-193,251,MUPIROCINA 20MG/G 15G MUPIROCINA 20MG/G 15G POMADA TB  (Item: ),PRATIDONAD,,1256801570011,TB,1
ME-194,252,"IPRATROPIO (BROMETO) 0,25MG/ML 20ML IPRATROPIO (BROMETO) 0,25MG/ML 20ML FR GTS H",,,,FR,1
ME-195,253,LINEZOLIDA 600mg (2mg mL),,,0000102160177,SOL,1
ME-196,254,ENOXALOW 40MG SER X ML + SIST. SEG. LOT 17100052 VAL 09/2019,BLAU,,,SG,1
ME-197,257,ENOXAPARINA(VERSA) 20MG C/6 SER.-EUROFARMA LT 535455C (3)11/19,EUROFARMA,,1004310160160,CX,1
ME-198,258,SACCHAROMYCES BOULARDIL 100MG REPOFLOR GRUPO EMS SIGMA PHARMA,,,1023504200016,CPR,1
ME-199,259,ACETILCISTEINA 600MG ENVELOPE C/5G GEOLAB,GEOLAB,,1542301400231,ENV,1
ME-200,260,CLOPIDOGREL BISSULFATO 75MG GENERICO AB FARMO - AUROBINDO,AUROBINDO,,1516700460075,CPR,1
ME-201,261,DEXAMETASONA 4MG GENERICO TEUTO,TEUTO,,1037005520023,CPR,1
ME-202,262,AMINOFILINA 24MG/ML 10ML, HIPOLABOR,,,AMP,1
ME-203,263,NISTATINA 100.000UI/ML 50ML GENERICO,"PRATI, DONADUZZI",,1256800260061,FR,1
ME-204,266,FOSF.POTASSIO 2MEQ/ML 200 AMP 10ML-ISOFARMA LT 7100123 (4)10/19,ISOFARMA,,1517000220029,CX,1
ME-206,270,METFORMINA 500MG ACAO PROLONGADA - CX 30 CX C\ 30 CPM GLIFAGE XR,GLIFAGE,,,CPM,1
ME-207,271,POLIVITAMINICO VITAMINAS B5/B3/B6/B2/B1 6+40+4+2+8 MG/2ML SOL INJ AMP 2ML IM/IV/,,,1038700290012,CX,1
ME-208,272,"ENOXAPARINA SODICA 20MG/0,2ML VERSA 20MG/0,2ML SUB/IV SG  (Item: )",EUROFARMA,,1004310160160,SG,1
ME-209,274,"HEPARINA 5.000UI/ML 0,25ML SOL INJ SUB CX C/25 CRISTALIA",CRISTALIA,,1029803710031,AMP,1
ME-210,277,AMBROXOL (CLORIDRATO) 30MG/5ML ADULTO BRONQTRAT 30MG/5ML 120ML FR NATULAB (Item:,,,,FR,1
ME-211,278,ACETILCISTEINA 200MG ENVELOPE 5G GEOLAB,GEOLAB,,1058302890057,EV,1
ME-212,279,ANLODIPINO (BESILATO) 10MG BESILAPIN 10MG CP GEOLAB (Item: ), GEOLAB,,1542300100062,CP,1
ME-213,282,SULF.MAGNESIO 10% 200AMP 10ML PL-SAMTEC LT MGQ1 (2)09/19 MGX2 (1)11/19,,,,CX,1
ME-214,283,"enoxaparina 40mg/0,4ml cx c/10 ser",SANOFI,,1130002760091,CX,1
ME-215,284,"enoxaparina de 20 mg/0,2 ml c/ 10 seringas",SANOFI,,,CX,1
ME-216,285,ATORVASTATINA 40MG ATORVASTATINA 40MG CP CIMED (Item: ),CIMED,,1438101730843,CP,1
ME-217,286,COMPLEXO B CP VITAMED,VITAMED,,0000000000000,CP,1
ME-218,288,BROMOPRIDA 5MG/ML SOL INJ AMP 2ML IM/IV/AD/PED GENERICO NOVAFARMA,NOVAFARMA,,1140200670035,CX,1
ME-219,208,Metildopá 250mg Comp,sanval,,,UN,1
ME-220,287,TEICOPLANINA 400MG KOPLAN FA 400MG CX C/ 1FA (Item: ),NOVAFARMA,,1140200690028,FA,1
ME-221,291,"ERITROMAX 4.000UI/0,4ML BLAU FARMACEUTICA",BLAU FARMACEUTICA,,1163700240292,F/A,1
ME-222,290,COLAGENASE + CLORAFENICOL CX 10un,,,,UN,1
ME-223,294,ONDANSENTRONA 2MG/ML AP.2ML SOL. INJ. GENERICO CX.50,,,,CX,1
ME-224,295,ONDANSENTRONA 2MG/ML AP.4ML SOL. INJ. GENERICO CX.50,,,1038700580061,CX,1
ME-225,292,ERITROPOIETINA(ERITROMAX)10000UI 1FA HS BLAU,BLAU,,1163700240391,CX,1
ME-226,293,"IBUPROFENO 600MG PRATI, DONADUZZI","PRATI, DONADUZZI",,1256801610031,UN,1
ME-227,296,ISOSSORBIDA MONONITRATO 20MG BIOSINTETICA,BIOSINTETICA,,1121303400026,CAR,1
ME-228,297,"ENOXALOW - 100 MG/ML INJ. 0,4ML L.18030686 V03/20",,,,CX,1
ME-229,298,hypoflox ( ciprofloxacino) 2mg/ml,HIPOFARMA,,,UND,1
ME-230,300,"CLORIDRATO DE BUPIVACAINA 0,5% 5MG ML + GLICOSE 4ML",,,,CX,1
ME-231,302,ENOXAPARINA 20ML EUROFARMA CX6UN VERSA USO IV,EUROFARMA,,,UN,1
ME-232,305,BROMOPRIDA 5MG/ML 2ML GENERICO WASSER FARMA,WASSER FARMA,,,AMP,1
ME-233,306,ERTAPENEM 1G CX C\ 1 FR INVANZ,,,,FR,1
ME-234,307,"FLUCONAZOL 2MG/ML 100ML (0,2%) ISOFARMA",ISOFARMA,,1517000180019,BLS,1
ME-235,309,VASELINA 30G VASELINA 30G TB RIO QUIMIC (Item: ),RIO QUIMIC,,0001448981612,TB,1
ME-236,310,SULFADIAZINA DE PRATA 50G SULFADIAZINA DE PRATA 50G TB NATIVITA (Item: ),NATIVITA,,1476100230068,TB,1
ME-237,311,LACTULOSE 667MG/ML 120ML UNIAO QUIMICA,UNIAO QUIMICA,,6632500220017,FR,1
ME-238,314,"COLAGENASE C/ CLORANFENICOL 0,6U/G+0,01G/G TB 30G ABBOTT",ABBOTT,,1029800260048,UN,1
ME-239,315,OMEPRAZOL 40MG INJ. C/DILUENTE,BLAUSIEGEL,,1163700960015,F/A,1
ME-240,319,PREDNISONA 20MG NEO QUIMICA,NEO QUIMICA,,1558400780045,CPR,1
ME-241,321,"DEXAMETASONA 4MG/ML 2,5ML GENERICO FARMACE", FARMACE,,1108500320060,AMP,1
ME-242,322,CEFALEXINA 500MG GENERICO AB FARMO - AUROBINDO,AUROBINDO,,1516700200030,CPR,1
ME-243,323,FENOTEROL 5MG/ML 20ML GENERICO HIPOLABOR,HIPOLABOR,,1134301640021,FR,1
ME-244,327,GLICOSE 50% 10ML,ISOFARMA,,,AMP,1
ME-245,330,CIPROFLOXACINO (CLORIDRATO) 500MG CPR PRATI DONADUZZI," PRATI, DONADUZZI",,1256801500099,UN,1
ME-246,333,"CLORETO DE SODIO 0,9% 500ML  EQUIPLEX",EQUIPLEX,,1177200010352,FR,1
ME-247,335,"CETOCONAZOL 20MG/G 30G PRATI, DONADUZZI"," PRATI, DONADUZZI",,1256800550033,TB,1
ME-248,336,"NISTATINA + OXIDO DE ZINCO 100.000UI/G + 200MG/G 60G (PRATIDERM) PRATI, DONADUZZ","PRATI, DONADUZZ",,1256801380026,TB,1
ME-249,337,"SAIS P/ REIDRATACAO 27,9G NATULAB LABORATORIO FARMACEUTICO",,,,ENV,1
ME-250,338,METOCLOPRAMIDA 10MG (NOVOSIL) HIPOLABOR,HIPOLABOR,,1134300520057,CPR,1
ME-251,340,METOCLOPRAMIDA 10MG/2ML (METROFARMA) FARMACE,FARMACE,,1108500210028,AMP,1
ME-252,342,"DEXAMETASONA 0,1% 10G CREME PRATI, DONADUZZI","PRATI, DONADUZZI",,1256801260020,TB,1
ME-253,343,ALMOTOLIA 250ML TRANSP. C/12 UNIDADES J.PROLAB,,,,UN,1
ME-254,344,"AMOXICILINA 500MG PRATI, DONADUZZI","PRATI, DONADUZZI",,1256801470068,CPR,1
ME-255,345,"IPRATROPIO 0,25MG/ML 20ML (BROMETO) TEUTO",TEUTO,,1037004660026,FR,1
ME-256,346,DIPIRONA SODICA + ORFENADRINA (CITRATO) + CAFEINA (ANIDRA) 35 + 300 + 50MG FENAF,,,,CP,1
ME-257,347,ALBENDAZOL 400MG CP PRATIDONAD," PRATI,DONADUZZI",,1256800520029,UN,1
ME-258,349,ONDANSETRONA (CLORIDRATO) 4MG/2ML AP HYPOFARMA,HYPOFARMA,,1038700580045,AP,1
ME-259,350,AZITROMICINA 500MG CP PHARLAB,PHARLAB,,1410700060063,CP,1
ME-260,351,TENOXICAM 20MG CP,MEDQUIMICA,,1091700940013,CP,1
ME-261,352,ACEBROFILINA XAROPE ADULTO 50MG/5ML FR.120ML CIMED,CIMED,,1438101310038,FR,1
ME-262,353,DEXCLORFENIRAMINA (MALEATO) 2MG CPR GEOLAB,GEOLAB,,1542300120020,CPR,1
ME-263,354,SACCHAROMYCES BOULARDII 200MG CX C 6 CAPS Lt: OH2922 Val.: 30 01 2020,,,,CX,1
ME-264,355,NIFEDIPINO (ADALAT)  RETARD 10 MG CX. C/ 60 CAPS  BAYER,BAYER,,1705600520332,CX,1
ME-265,356,CICLOBENZAPRINA CLOR 10 MG 30 CP G EUROFARMA, EUROFARMA,,1004309450061,CX,1
ME-266,357,PARACETAMOL 750 MG 20 CP G,BIOSINTETICA,,1121303700021,CX,1
ME-267,364,METILDOPA 250MG VENOPRESSIN 250MG CP TKS FARMAC (Item: ),,,,CP,1
ME-268,365,BESILATO DE ATRACURIO 10MG ML 5ML,,,,CX,1
ME-269,366,OLEO MINERAL 100ML MARIOL,MARIOL,,,FR,1
ME-270,367,CIPROFLOXACINO 200MG - 2MG ML 100ML ISOFARMA,ISOFARMA,,,BLS,1
ME-271,368,FOSF DE POTASSIO 2MEQ/ML 10ML C/200 AMP PLAST GEN,ISOFARMA,,1517000220029,UN,1
ME-272,192,CEFTRIAXONA 1G IV BIOCHIMICO,BIOCHIMICO,,1006300030058,F/A,1
ME-273,372,CLARITROMICINA 500 MG 14 CP GA MEDLEY,MEDLEY,,1832600250029,CX,1
ME-274,373,GLIFAGE XR 500 MG 30 CP R,MERCK,,1008903400031,CX,1
ME-275,359,CONJUNTO DE PROCEDIMENTO MEDICO P/ RETIRADA DE PONTOS,,,,,1
ME-276,369,DIPIRONA SODICA 500MG/2ML FARMACE,FARMACE,,1108500180048,UN,1
ME-277,370,"ATROPINA 0,25MG/ML 1ML ISOFARMA",ISOFARMA,,1517000110045,CX,1
ME-278,374,LEVOID 75 MCG 30 CP S,ACHE,,1057303660154,CX,1
ME-279,375,PURAN T4 25 MCG 30 CP S,SANOFI,,1130010230010,CX,1
ME-280,376,FENOTEROL (BROMIDRATO) 5MG/ML 20ML,"PRATI, DONADUZZI",,1256801240021,FR,1
ME-281,380,INVANZ 1G IV 1FA (AB)LT : N003298 VL: 31-12-2018,,,,UN,1
ME-282,7,ALBUMINA 20% 50 ML - GRIFOLS,GRIFOLS,,1163700490043,UN,1
ME-283,379,GLICERINA 12% 500ML FR,,,1108500120010,FR,1
ME-284,388,"COLAGENASE C/ CLORANFENICOL 0,6U/G+0,01G/G TB 30G CRISTALIA",CRISTALIA,,,TB,1
ME-285,389,ACIDOS GRAXOS ESSENCIAIS FR 200ML,,,,FR,1
ME-286,390,SULFAZINA 500MG - SOBRAL (SULFADIAZINA 500MG),SOBRAL,,1096300330030,CX,1
ME-287,427,CEFTRIAXONA 1G IV F/A NOVAFARMA,NOVAFARMA,,1006300030058,FA,1
ME-288,430,"ATROPINA 0,25MG 1ML",,,,AMP,1
ME-289,433,IBUPROFENO 300MG GEOLAB,GEOLAB,,,CAR,1
ME-290,437,CEFTRIAXONA(AMPLOSPEC)1GR IV 50FA HSA,CRISTALIA,,1006300030058,CX,1
ME-291,434,CLONIDINA (CLORIDRATO) 150MCG/ML 1ML AP (Item: ),,,,AP,1
ME-292,438,"PIPERACILINA + TAZOBACTAM 4,5G PIPERACILINA + TAZOBACTAM 4,5G FA NOVAFARMA (Item",NOVAFARMA,,,FA,1
ME-293,446,DOMPERIDONA 10 MG 30 CP G,EUROFARMA,,1004310320028,UN,1
ME-294,447,SIMETICONA 40 MG 20 CP G  ( LUFTAL ),MEDLEY,,1832602320016,CX,1
ME-295,449,HIDROCLOROTIAZIDA 25 MG 30 CP G,MEDLEY,,1130010260092,CX,1
ME-296,450,PANTOPRAZOL 40 MG 42 CP G,MEDLEY,,1832601870098,CX,1
ME-297,451,OMEPRAZOL 20 MG 42 CAPS G,MEDLEY,,1832602480102,CX,1
ME-298,452,METFORMINA XR 500 MG 30 CP G,MERCK,,1008903790034,CX,1
ME-299,453,PANTOPRAZOL 20 MG 42 CP G,BIOSI,,1121304350049,CX,1
ME-300,204,DICLOF SODICO 50 MG 20 CP G,MEDLEY,,183260072,CX,1
ME-301,448,CEBRALAT 50 MG 30 CP R,LIBBS,,1003301010021,CX,1
ME-302,454,CEBRALAT 100 MG 30 CP R,LIBBS,,1003301010056,CX,1
ME-303,443,"DIPIRONA 500MG PRATI, DONADUZZI","PRATI, DONADUZZI",,1256800410029,UN,1
ME-304,467,METILPREDNISOLONA 125MG,UNIAO QUIMICA,,,F/A,1
ME-308,466,"PULMICORT 0,25 MG SUS NEBUL 20FR 2ML R",ASTRA,,,FR,1
ME-309,483,ONDANSETRONA 2MG/ML SOL INJ 50AP 2ML HG,HYPOFARMA,,1038700580045,CX,1
ME-310,490,"ENOXAPARINA SODICA 20MG/0,2ML SG",MYLAN,,1883000210012,SG,1
ME-352,394,CEFALOTINA SODICA 1G FA ABL,ABL,,1556200290013,UN,1
ME-353,493,MEROPENEM  1G BIOCHIMICO,BIOCHIMICO,,1006302290111,F/A,1
ME-354,186,CLINDAMICINA FOSFATO 150MG/4ML (600MG 4ML) HYCLIN HYPOFARMA,,,1038700360029,AMP,1
ME-355,193,IMIPENEM + CILASTATINA 500MG BIOCHIMICO,,,1006302390086,F/A,1
ME-360,392,NISTATINA + OXIDO DE ZINCO 100.000UI/G+200MG/G TB 60G  PRATIDONADUZZI,PRATIDONADUZZI,,1256801400019,TB,1
ME-361,404,CEFTRIAXONA 1GR INJ IV 100FA+DIL10ML HGA BLAU,BLAU,,1163701360062,UN,1
ME-362,441,AMOXICILINA 50MG/ML SOLUÇÃO ORAL 150 ML  GEN AMOXICILINA TRIDRATADA PRATIDONADU,PRATIDONADUZZI,,,FR,1
ME-370,455,DOMPERIDONA 10MG DOMPERIDONA 10MG CP NOVAQUIMIC (Item: ),NOVAQUIMIC,,,CP,1
ME-374,464,"BUPIVACAINA (CLORIDRATO) C/V 0,5% 20ML BUPSTESIC C/V 0,5% 20ML FA UNIAO QUIM (It",UNIAO QUIM,,,FA,1
ME-375,465,FENOTEROL (BROMIDRATO) 5MG/ML 20ML FENOTEROL (BROMIDRATO) 5MG/ML 20ML FR HIPOLAB, HIPOLAB,,,FR,1
ME-376,472,ACIDO FOLICO 5MG CPR NATULAB,NÃO UTILIZAR ESSE CÓDIGO,,1384100500116,CPR,1
ME-377,473,ANLODIPINA 5MG BESILAPIN GEOLAB,GEOLAB,,1542302430043,CPR,1
ME-378,474,SINVASTATINA 20MG GENERICO PHARLAB,PHARLAB,,1410701080076,CPR,1
ME-379,476,"CLORETO DE SODIO 0,9% 500ML SISTEMA FECHADO FRASCO FRESENIUS KABI",FRESENIUS,,1004100980102,FR,1
ME-380,484,SONDA ASPIRACAO TRAQUEAL NR.10 BIOSANI,BIOSANI,,,UN,1
ME-381,485,CARVEDILOL  25MG ICTUS BIOLAB SANUS, BIOLAB,,1097401460140,CPR,1
ME-385,417,DEXAMETASONA(UNI DEXA)2MG/ML 50AP 1ML HS UNIAO,UNIAO,,,CX,1
ME-386,418,METILPRED(UNIMEDROL)125MG INJ 1FA+DIL HS UNIAO,UNIAO,,,CX,1
ME-410,179,"PIPERACILINA + TAZOBACTAM 4G + 0,5G GENERICO EUROFARMA",EUROFARMA,,,F/A,1
ME-411,180,"PIPERACILINA + TAZOBACTAM 4G + 0,5G GENERICO AGILA ESPECIALIDADES",AGILA,,,F/A,1
ME-412,402,MEROPENEM 500MG MEROPENEM 500MG. FA TEUTO - AURO (Item: ),TEUTO,,,FR,1
ME-413,413,SULFADIAZINA PRATA CR PT 400 PRATIDONADUZZI,PRATIDONADUZZI,,,UN,1
ME-414,415,NISTATINA 25.000 UI/G TB.50G PRATIDONADUZZI,PRATIDONADUZZI,,,UN,1
ME-415,442,MICONAZOL NIT CR VG 80 G+14 APL GEN PRATIDONADUZZI,PRATIDONADUZZI,,,BN,1
ME-416,444,NITROFURANTOINA 100MG CP,,,,CP,1
ME-417,445,LEVOFLOXACINO 500MG CIMED,CIMED,,,CAR,1
ME-418,469,CALTRATE D 600 MG + 400 UI 30 CP A WYETH,WYETH,,,UN,1
ME-419,475,LACTULOSE XAROPE 120ML AMEIXA MUTRIMAIS NUTRIEX,NUTRIEX,,,UN,1
ME-420,480,METOCLOPRAMIDA 4MG/ML 10ML GENERICO MARIOL,MARIOL,,,FR,1
ME-421,202,LACTULOSE XPE 667MG/ML AMEIXA FR 120ML - NUTRIMAIS (H),NUTRIMAIS,,,UN,1
ME-423,189,ACICLOVIR 250MG PO LIOF SOL INJ I.V. FA TEUTO,TEUTO,,1037006100044,FA,1
ME-424,206,"MALEATO DE DEXCLORFENIRAMINA 0,4MG/ML 100 ML ( POLARAMINE ) PRATIDONADUZZI",PRATIDONADUZZI,,1542300120020,UN,1
ME-425,462,LIDOCAINA CLORIDRATO 2% 30G (LABCAINA) PHARLAB,PHARLAB,,1410700560082,UN,1
ME-426,491,LINEZOLIDA 600MG (2MG/ML) BO EUROFARMA,EUROFARMA,,,UN,1
ME-427,463,CEFAZOLINA SODICA 1G ( FAZOLON ) CX C/20 FA BLAU,BLAU,,1027000940094,FA,1
ME-428,495,NIFEDIPINA 20MG CP,,,,UN,1
ME-429,496,VARFARINA SODICA 5MG CP UNIÃO QUIMICA,UNIÃO QUIMICA,,1049713230027,UN,1
ME-440,498,"METREXATO 2,5MG CAIXA COM 24 COMPRIMIDOS BLAU",BLAU,,,CX,1
ME-602,488,BESILATO DE ANLODIPINO 5MG SANDOZ,SANDOZ,,1004705570027,CX,1
MH-001,2,LUVA M,,,,CX,1
MH-002,3,AVENTAL MANGA LONGA 40GR PCT. C/10UN,TALGE,,ISENTO,PCT,1
MH-003,397,ABAIXADOR DE LINGUA TEOTHO,THEOTO,,,UN,1
MH-004,16,AGUA P/ INJECAO FR 1000ML FRESENIUS,FRESENIUS,,,FR,1
MH-005,18,LUVA PROC. P  cx C/ 100UN DESCARPACK (Item: 2),DESCARPACK,,0000000000000,CX,1
MH-006,398,LANCETA DE SEGURANCA P/TESTE DE GLICEMIA 28G,DESCARPACK,,0000000000000,UN,1
MH-007,13,ALGODAO HIDROFILO 250G ALGODAO HIDROFILO 250G RL NEVOA (Item: ),NEVOA,,,RL,1
MH-008,15,SERINGA 05ML S/AG SERINGA 05ML S/AG BICO LUER SLIP UN DESCARPACK (Item: 1),DESCARPACK,,,UN,1
MH-009,20,SERINGA 10ML S/AG LUER SLIP. UN DESCARPACK CX C/100,DESCARPACK,,,UN,1
MH-010,44,AG RAQUI SPINAL 90X5 25GX9 CX25 UNISIS Lt 161079 Valid 28072021,UNISIS,,,CX,1
MH-011,51,CLOREXIDINA 2 DEGER 1000ML RIOQUIMICA Lt 1702667 Valid 01072020,RIOQUIMICA,,,LT,1
MH-012,52,RINGER C/LACTATO 500ML FR  EUROFARMA,EUROFARMA,,0000000000000,FR,1
MH-013,62,"AGULHA DESCARTAVEL 30X7,0 CX C/ 100UN LABOR",,,0000000000000,CX,1
MH-014,65,FITA ADESIVA MICROPOROSA 10CMX10MT FITA ADESIVA MICROPOROSA 10CMX10MT. RL CIEX (,,,,RL,1
MH-015,66,SONDA ASP. TRAQUEAL N12 SONDA ASP. TRAQUEAL N12 PC C/ 5UN MED SONDA (Item: 3),,,0000000000000,PC,1
MH-016,71,SONDA FOLEY 14 2V BL05 CX10 ADVANTIVE Lt C6220514 Valid 14012022,,,,CX,1
MH-017,74,FISIOLOGICO 09 500ML CX30 FRESENIUS Lt 74LD1508 Valid 14032019,,,,CX,1
MH-018,75,FRASCO ALIM. ENTEREL 300ML CX C/150,BIOMEDICA,,,CX,1
MH-019,76,FRASCO ALIM. ENTERAL 500ML C/90,BIOMEDICA,,,CX,1
MH-020,73,CURAT HDROCO 10X10CM PLUS EXTRAFINO CURATEC,LM FARMA,,,UN,1
MH-021,399,"CLOREXIDINA 0,5% SOL ALCOOLICA 100ML",FARMAX,,0000000000000,UN,1
MH-022,96,AGUA P/ INJECAO AMP.10ML  FARMACE,FARMACE,,,UN,1
MH-023,97,LUVA LATEX PROCEDIMENTOS TM M CX 100 UDS - NCM: 40151900,,,,CX,1
MH-024,99,FRASCO ALIM ENTERAL 300ML CX150 BIOMEDICA Lt 1309173801 Valid 13092019,BIOMEDICA,,,CX,1
MH-025,100,FRASCO ALIM ENTERAL 500ML BIOMEDICA C90 Lt 1209173901 Valid 12092019,BIOMEDICA,,,CX,1
MH-026,98,COLETOR UNIVERSAL NAO ESTERIL 50ML FRASCO COLETOR UNIVERSAL N/ ESTERIL 50ML T.RO,,,,UN,1
MH-027,117,TOUCA VERDE GR30 PC100 JARC Lt 17M10651530170313 Valid 13032020,,,,PCT,1
MH-028,118,COMPESTERIL 75 13F CX200X10 REAL MINAS Lt 06931210216 Valid 01022021,REAL MINAS,,,CX,1
MH-029,119,"CLORETO DE SODIO 0,9% 500ML   FRESENIUS",FRESENIUS,,1004199410036,UN,1
MH-030,120,GLICOSE 5% 500ML FR. FRESENIUS,FRESENIUS,,1004101070185,UN,1
MH-031,127,"LUVA CIRURG.7,5 EST.C/200 PARES-NEW HAND LT NH102 (1)08/20",NEW HAND,,0000000000000,UN,1
MH-032,128,"LUVA CIRURG.8,0 EST.C/200 PARES-NEW HAND LT NH106 (1)09/20",NEW HAND,,0000000000000,CX,1
MH-033,134,AG.DESC.40 X 12 C/100-SOLIDOR LT 57117082 (9)08/22,SOLIDOR,,,CX,1
MH-034,145,FIXADOR DE TUBO ENDOTRAQUEAL ADUL FIXZEN,,,,UN,1
MH-035,146,FITA AUTOCLAVE 19 X 30  RL ADERE,ADERE,,,UN,1
MH-036,147,LAMINA BISTURI 12 CX C\ 0 UN ADVANTIVE,ADVANTIVE,,,UN,1
MH-037,148,SERINGA 20ML S AGULHA LUER LOCK CX C\ 100 UN DESCARPACK,DESCARPACK,,0000000000000,UN,1
MH-038,149,LANCETA G-TECH 28G CX C\ 200 UN ACCUMED,ACCUMED,,,UN,1
MH-039,150,"LUVA ESTERIL 8,0 EMB C\ 1 PAR LEMGRUBER",LEMGRUBER,,0000000000000,UN,1
MH-040,153,SERINGA 20ML L.LOCK S/AG SALDANHA RODRIGUES PRODUTOS HOSPITALARES,S.R.,,,CX,1
MH-041,160,COLETOR MATPERFCORT07LTS CX20 DESCARBOX Lt 3389 Valid 30082022,DESCARBOX,,,CX,1
MH-042,177,LUVA MEDIA CAIXINHA C100,,,,CX,1
MH-043,178,PRENDEDOR CLAMP UMBILICAL CX100 ADLIN HOSP Lt 17923 Valid 01012020,,,,CX,1
MH-044,191,SERINGA 10ML L.LOCK S/AG SALDANHA RODRIGUES PRODUTOS HOSPITALARES,S.R.,,0000000000000,UN,1
MH-045,195,CATETER INTRAVENOSO 20 POLYMED,POLY MEDICURE,,,UN,1
MH-046,196,"ATADURA CREPOM 15CMX1,80M 13F (12 UNIDADES) QUALITTY PLUS",QUALITTY PLUS,,,PCT,1
MH-047,199,LUVA DE PROCEDIMENTO M C/PO LEMGRUBER TARGA S/A,LEMGRUBER,,0000000000001,CX,1
MH-048,255,"CLORETO DE SODIO 0,9% 1000ML SISTEMA FECHADO FRESENIUS KABI",FRESENIUS,,1004100980110,FR,1
MH-049,256,"SOL.CL.DE SODIO 0,9% 25FRS 500ML-EUROFARMA 411789 LT 528756 (1)10/19",EUROFARMA,,,CX,1
MH-050,264,SERINGA 20ML S/AGULHA BICO LUER LOCK,S.R.,,,UN,1
MH-051,265,SER 10ML LUER LOK BICO CEN 400 UN HM BECTO,,,,CX,1
MH-052,267,"CLORETO DE SODIO 0,9% 100ML FR EQUIPLEX",EQUIPLEX,,1177200010395,UN,1
MH-053,268,"AG RAQUI SPINAL 25 X 3,5 mm 25 UN HM BECTO",,,,CX,1
MH-054,269,CLOREXIDINA 2% DEG 100ML RIOQUIMICA,RIOQUIMICA,,0000000000000,UN,1
MH-055,273,SERINGA DESC. 20ML LOCK C/50-DESCARPACK LT SSLLAA0039 (100)01/23,DESCARPACK,,0000000000000,UN,1
MH-056,275,"GAZE 7,5 X 7,5 ESTERIL 13FIOS PC C/ 10UN AMERICA ME (Item",,,0000000000000,PC,1
MH-057,276,"AGULHA DESCARTAVEL 13X4,5 CX C/ 100UN LABOR",LABOR,,0000000000000,CX,1
MH-058,280,FITA ADESIVA MICROPOROSA 50MMX10MT UN MAXICOR,MAXICOR,,0000000000000,UN,1
MH-059,281,LUVA DE PROCEDIMENTO M C/PO NUGARD KEVENOLL,,,,CX,1
MH-060,289,SERINGA 03ML L.SLIP S/AG,DESCARPACK,,0000000000000,UN,1
MH-061,299,LUVA DE VENIL CX /100 UDS NOBRE ( M ) - NCM: 39262000,,,,CX,1
MH-062,301,ESCOVA P/ ASSEPSIA SECA SANAX NOVAAXYS,SANAX NOVAAXYS,,,UN,1
MH-063,303,FILTRO PARA VENTILACAO MECANICA,,,0010139810028,UN,1
MH-064,304,EXTENSOR P/ASPIRACAO 2M FLEXOR,,,,UN,1
MH-065,400,SERINGA 10ML L.SLIP S/AG  SR,SR,,0000000000000,UN,1
MH-066,401,LUVA GENICOLOGICA DESCARTAVEL ESTERIL,LUPLAST,,,PCT,1
MH-067,423,SONDA NASOGASTRICA LONGA 20 MEDSONDA,MEDSONDA,,,UN,1
MH-069,308,coletor de urina (uromed) 1200ml,,,,UND,1
MH-070,312,SCALP 25G VACUPLAST CRAL PLAST,,,,UN,1
MH-071,313,"ATADURA CREPE 30CM X 1,8M 13 FIOS",REAL MINAS,,,UN,1
MH-072,316,SCALP 21G VACUPLAST CRAL PLAST,,,,UN,1
MH-073,317,SCALP 23G VACUPLAST CRAL PLAST,,,,UN,1
MH-074,318,FITA ADESIVA 16X50 CREPE HOSPITALAR EMB INDIVIDUAL POLITAPE,,,,UN,1
MH-075,320,TUBO LATEX 200 - 15M LATEX BR,,,0000000000000,ROL,1
MH-076,324,TERMOMETRO CLINICO PRISMATICO PREMIUM ACCUMED,,,,UN,1
MH-077,325,"COMPRESSA DE GAZE 13 FIOS 7,5X7,5CM PCT C/10 ESTERIL HERIKA AMERICA MEDICAL",,,0000000000000,PCT,1
MH-078,326,LAMINA DE BISTURI 11 ADVANTIVE,ADVANTIVE,,,UN,1
MH-079,328,"ATADURA CREPOM 30CMX1,80M 13F UN QUALITTY PLUS",QUALITTY PLUS,,ISENTO,UN,1
MH-080,329,POLVIDINE PVPI DEGERMANTE 1L 10% RIODEINE RIOQUIMICA,,,,FR,1
MH-081,331,EQUIPO MICROGOTAS COM INJETOR LATERAL MEDSONDA,,,0000000000000,UN,1
MH-082,332,EQUIPO MACROGOTAS COM INJETOR LATERAL C/ CAMARA AR LAMEDID,,,,UN,1
MH-083,334,COLETOR DE URINA 50ML ESTERIL SARAPLAST,,,,UN,1
MH-084,339,CAIXA COLETORA DE MATERIAL PERFURANTE 13LTS ASTROBOX AMERICA,,,,UN,1
MH-085,341,POLVIDINE PVPI TOPICO 10% 1L SOL. AQ. RIODEINE RIOQUIMICA,,,,FR,1
MH-086,348,FIO DE NYLON 3.0 C/ AG FIO DE NYLON 3.0 30MM 3/8 45CM EV PROCARE (Item: ),,,,EV,1
MH-087,358,"ATADURA DE CREPE 15CMX4,5M 13FIOS ATADURA DE CREPE 15CMX4,5M 13FIOS UN ORTOM (It",,,0000000000000,UN,1
MH-088,360,GUIA DE ENTUBACAO OXIGEL,,,,UN,1
MH-089,361,"PULSEIRA P/ IDENTIFICACAO BRANCA 25X2,5  ADLIN",ADLIN,,,UN,1
MH-090,362,SONDA ASPIRACAO TRAQUEAL NR.06 MEDSONDA,,,,UN,1
MH-091,363,SERINGA 60ML S/AGULHA BICO LUER LOCK S.R.,,,,UN,1
MH-092,68,"CLORETO DE SODIO 0,9% 10ML SAMTEC",SAMTEC,,1559200040011,AMP,1
MH-093,69,ALGODAO HIDROFILO 500GR ERS IND COM PROD HIGIENE E LIMPEZA/ALGODAO NATHALYA,,,0000000000000,ROL,1
MH-094,371,SERINGA 10ML L.LOCK S/AG DESCARPACK,DESCARPACK,,,UN,1
MH-095,377,"ATADURA CREPOM 15CMX1,80M 13F (12 UNIDADES)",GAZETEX,,0000000000000,PCT,1
MH-096,381,ATTEST INDICADOR BIOLOGICO 1262BP VAPOR 3M CX25 Lt 201901JA Valid 30012019,,,,CX,1
MH-097,382,AGUA OXIGENADA 10V 100ML ALMOTOLIA RIOQUIMICA,RIOQUIMICA,,,FR,1
MH-098,383,TAMPA PROTETORA LUER LOCK (EQUIPO) E LUER SLIP (PROTETOR),CREMER,,,CX,1
MH-099,384,TOUCA C/ ELASTICO SANFONADA PCT. C/100 UN PREVEMAX,PREVEMAX,,8049119000000,PCT,1
MH-100,385,FILME MEDICO RX 18CM X 24CM CAIXA C/ 100 IBF,,,0000000000000,CX,1
MH-101,386,"CLORETO DE SODIO 0,9% 100ML",FARMACE,,,FR,1
MH-102,387,KIT MICRONEBULIZACAO ADULTO DARU S/A,,,0000000000000,UN,1
MH-103,198,COLETOR DE URINA C / CORDAO 2000ML,MAXICOR,,0000000000000,UN,1
MH-104,395,FITA ADESIVA BRANCA CREPE 19X50 PCT C/6,POLAR FIX,,0789801092141,UN,1
MH-105,396,SONDA FOLEY 22 3V 30 ML/CC,SOLIDOR,,,CX,1
MH-107,10,"ATADURA DE CREPE 10CM X 4,5M 13 FIOS ATADURA DE CREPE 10CMX4,5M 13FIOS UN ORTOM",,,0000000000000,UN,1
MH-108,378,XARELTO 20 MG 14 CP R BAYER,BAYER,,,CX,1
MH-109,1,ÁGUA DESTILADA 10 ML AMP,,,,UN,1
MH-110,421,CLOREXIDINA 2% DEGERMANTE C/TENSOATIVO 1000ML RIOQUIMICA,RIOQUIMICA,,0000000000000,UN,1
MH-111,424,CATETER VENOSO CENTRAL DUPLO 7FR 20CM BIOMEDICAL,BIOMEDICAL,,,UN,1
MH-112,425,REMOVEDOR DE ESPARADRAPO 500ML REMOVEX 500ML. FR (Item: ), RIO QUIMICA,,,FR,1
MH-113,426,CLORETO DE POTASSIO 6% IONCLOR 6% 150ML FR (Item: ),PRATIDONAD,,,UN,1
MH-114,429,"ESPARADRAPO IMPERMEAVEL 10CM X 4,5 MT",MISSNER,,0000000000000,ROL,1
MH-115,431,Coletor de Urina 24 Horas - Capacidade 2 Litros,,,,UN,1
MH-116,428,"CLORETO DE SODIO 0,9% 1000ML  FR FRESENIUS",FRESENIUS,,1004100980110,FR,1
MH-117,432,SONDA FOLEY 16 2V 30 ML/CC SOLIDOR,SOLIDOR,,,UN,1
MH-118,435,"ATAD CREPE 08CM X 1,8M 13 FIOS NEVE 79119 00003 00",NEVE,,,DUZ,1
MH-119,436,"ATAD CREPE 15CM X 1,8M 13 FIOS NEVE 79119 00009 00",NEVE,,,DUZ,1
MH-120,439,ACIDOS GRAXOS ESSENCIAIS FR 100ML DERMAEX,DERMAEX,,0080451960191,UN,1
MH-121,440,ACIDOS GRAXOS ESSENCIAIS FR 200ML DERMAEX,DERMAEX,,0080451960191,UN,1
MH-126,497,SERINGA 60ML BICO CATETER CENTRAL,DESCARPACK,,0000000000000,CX,1
MH-136,391,EQUIPO 2V C/CORTA-FLUXO WILTEX,,,0000000000000,UN,1
MH-139,468,FIO ALGODAO PRETO 3-0 S/AG. 15X45CM-P,,,,CX.,1
MH-140,470,BC NYLON PRETO 2-0 45CM CT20,,,,ENV,1
MH-141,471,ACIDO POLIGLICOLICO VIOLETA 1 75CM MCG40.,,,,CX.,1
MH-142,477,ACIDO POLIGLICOLICO VIOLETA 0 90CM MCG48,,,,CX.,1
MH-143,478,POLIPROPILENO AZUL 6-0 75CM 2XCC13-P,,,,CX.,1
MH-170,182,EQUIPO MACROGOTAS LUER SLIP PCT C/25 C/FILTRO E INJ DESCARPACK LOTE: SEMAAA0081,DESCARPACK,,0000000000000,UN,1
MH-171,185,LUVA DE PROCEDIMENTO (M) - LEMGRUBER.  CX C  100,LEMGRUBER,,,UN,1
MH-172,393,PAPEL LENCOL RL. 70X50 DESCARBOX NATURAL,DESCARBOX,,0000000000000,RL,1
MH-173,403,PAPEL LENCOL 50X50 PAPEL LENCOL 50X50 RL KINPAPER (Item: ),KINPAPER,,,RL,1
MH-174,407,KIT MICRONEBULIZACAO INFANTIL DARU S/A,,,,UN,1
MH-175,405,Alcool Etilico 70 ALMOTOLIA FR.100ML INDALABOR,INDALABOR,,0000000000000,UN,1
MH-176,406,Alcool Etilico 70% P/P Liq.-1L-Flip Top INDALABOR,INDALABOR,,0000000000000,UN,1
MH-177,408,Indaclor-Hipoclorito de Sodio 1%-5L INDALABOR,INDALABOR,,,UN,1
MH-178,411,ALCOOL ANTISSEPTICO 100mL INDALABOR,INDALABOR,,0000000000000,UN,1
MH-179,412,ALCOOL ANTISSEPTICO1L INDALABOR,INDALABOR,,,UN,1
MH-180,456,MALHA TUBULAR 15CM RL,,,,RL,1
MH-181,457,VASELINA SOLIDA 500GR CINORD SUDESTE,CINORD SUDESTE,,,PT,1
MH-182,458,SAPATILHA DESCARTAVEL PCT C/100UN ANADONA,ANADONA,,,PCT,1
MH-183,459,"LENCOL BRANCO COM ELASTICO 2,00 X 0,90 JARC",JARC,,0000000000000,PCT,1
MH-184,460,TORNEIRA 3 VIAS L LOCK DESCARPACK,DESCARPACK,,,UN,1
MH-185,78,SERINGA 20ML S/AG UN S.R. L.SLIP,SR,,0000000000000,UN,1
MH-186,184,ALGODAO HIDROFILO 500G ALGODAO HIDROFILO 500G RL NATHALYA (Item: ),NATHALYA,,0000000000000,RL,1
MH-187,183,SCALP 21 WILTEX,,,,CX,1
MH-188,188,SERINGA 20ML L.SLIP S/AG PROCARE,,,,CX,1
MH-189,479,"ATADURA DE ALGODAO ORTOPEDICA 15CMX1,0M ORTOFLEX CICLO TEXTIL INDUSTRIA LTDA ME",,,,UN,1
MH-190,481,"ATADURA DE ALGODAO ORTOPEDICA 20CMX1,0M ORTOFEN DUBLIN/ORTOFIBRAS / ORTOFEN",,,,PCT,1
MH-191,486,AGUA OXIGENADA 10V 100ML FARMAX,FARMAX,,ISENTO,FR,1
MH-192,489,SONDA URETRAL 10 SOLIDOR,SOLIDOR,,0010252420006,UN,1
MH-193,492,SONDA FOLEY 22 2V 30ML/CC SOLIDOR,SOLIDOR,,0010150470224,UN,1
MH-194,494,SONDA URETRAL 08 MEDSONDA,MEDSONDA,, 0080163570001,UN,1
MH-199,487,SCALP 23 WILTEX,WILTEX,,,CX,1
MH-302,64,SONDA URETRAL 20 SOLIDOR,SOLIDOR,,0000000000000,UN,1
MH-303,187,EXTENSOR P/EQUIPO C/ 60CM 12FR MEDSONDA,MEDSONDA,,0000000000000,TB,1
MH-304,190,SONDA URETRAL 06 SOLIDOR,SOLIDOR,,0000000000000,UN,1
MH-305,409,SONDA URETRAL 08 GOODCOME,GOODCOME,,,UN,1
MH-306,414,SONDA URETRAL 04 MEDSONDA,MEDSONDA,,0000000000000,UN,1
MH-307,461,EQUIPO MICROGOTAS COM INJETOR LATERAL LABOR IMPORT,LABOR IMPORT,,0000000000000,PCT,1
MH-308,482,DRENO PENROSE ESTERIL NR4 WALTEX C.BRASIL,WALTEX C.BRASIL,,0000000000000,UN,1
MH-317,416,CONTRASTE N/IONICO 300MG 50ML FR,,,1839600010041,FR,1
MH-326,500,MALHA DE POLIPROPILENO ENTRELACADA 10CMX15CM,,,,CX.,1
MH-327,826,APARELHO DE BARBEAR DESCARTAVEL UN OPEN MEDIC,OPEN MEDIC,,0000000000000,UN,1
MH-352,755,"SAIS PARA REIDRATACAO 27,9G SAL EV PRATIDONADUZZI",PRATIDONADUZZI,,1256801350021,EV,1
MH-360,720,ALGODAO BOLA PCT. 50GR SUSSEX,SUSSEX,,0000000000000,PCT,1
MH-367,747,LUVA P/PROC.N.EST.NITRI.S/PO M DESCARPACK CX. C/100UN,DESCARPACK,,0000000000000,CX,1
MH-368,843,LUVA P/PROC.N.EST.NITRI.S/PO P DESCARPACK CX. C/100UN,DESCARPACK,,0000000000000,CX,1
MH-412,954,ALMOTOLIA 125ML TRASNPARENTE J.PROLAB,,,0000000000000,PCT,1
MH-413,955,ALMOTOLIA 125ML TRASNPARENTE J.PROLAB,,,0000000000000,PCT,1
MH-414,956,DETERGENTE DESINCRUSTANTE ENZIMATICO 1000ML 5 ENZIMAS KELLDRIN KELLDRIN INDUSTRI,,,0000000000000,FR,1
MH-415,957,GEL P/ULTRASSONOGRAFIA 5KG HALL,,,0000000000000,GL,1
MH-418,510,APARELHO PRESSAO ADULTO C/ESTETOSCOPIO PREMIUM,,,,UN,1
MH-421,980,ELETRODO ADULTO MAXICOR,MAXICOR,,0000000000000,PCT,1
MH-463,762,IMIPENEM 500MG + CILASTATINA SODICA 500MG IMIPENEM + CILASTATINA SODICA 500MG FA,ABL,,1556200130059,FA,1
MH-464,716,ELETRODO NEUTRO DESCARTAVEL UNIVERSAL - BLAYCO - LOTE 54/03-18 VAL. 03/2021,BLAYCO,,10150470508,UN,1
MH-465,732,PULSEIRA DE IDENTIF. HOSP. INFANTIL -  AZUL  - UN ADLI,ADLI,,,UN,1
MH-545,728,SERINGA 60ML S/AG BICO CATETER UN SR,,,,UN,1
MH-546,735,SONDA FOLEY 2 VIAS C/ BALAO N18 UN WELL LEAD,WELL LEAD,,,UN,1
MH-547,698,COLETOR DE URINA SISTEMA FECHADO UN LABOR IMPORT,,,0000000000000,UN,1
MH-746,726,"AGULHA 25X7,0 UN DESCARPACK",DESCARPACK,,,UN,1
MH-747,738,COLETOR P/ URINA INFANTIL 100ML COLETOR P/ URINA INFANTIL UNISSEX 100ML UN ESTER,,,,UN,1
MH-748,677,"LUVA EST 8,0 PR BE CARE",,,0000000000000,UN,1
MH-750,742,"LUVA EST 8,0 UN SANRO",SANRO,,0000000000000,UN,1
MH-751,749,"LUVA EST 7,5 PR BE CARE",BE CARE,,0000000000000,UN,1
MH-753,737,"GAZE 7,5 X 7,5 11FIOS KARINA PC C/ 500UN AMERICAN M",,,,PC,1
MH-762,678,TESTE LEPU,,,,UN,1
MH-763,679,COLETOR DE MAT.PERFUROCORTANTE 03LT UN,,,,UN,1
MH-764,680,LANCETAS UN,,,,UN,1
MH-775,741,MASCARA DESC BRANCA TRIPLA C/ ELASTICO UN PROTECTME,PROTECTME,,,UN,1